,contributors,coordinates,created_at,display_text_range,entities.hashtags,entities.media,entities.symbols,entities.urls,entities.user_mentions,extended_entities.media,extended_tweet.display_text_range,extended_tweet.entities.hashtags,extended_tweet.entities.media,extended_tweet.entities.symbols,extended_tweet.entities.urls,extended_tweet.entities.user_mentions,extended_tweet.extended_entities.media,extended_tweet.full_text,favorite_count,favorited,filter_level,geo,id,id_str,in_reply_to_screen_name,in_reply_to_status_id,in_reply_to_status_id_str,in_reply_to_user_id,in_reply_to_user_id_str,is_quote_status,lang,place,place.bounding_box.coordinates,place.bounding_box.type,place.country,place.country_code,place.full_name,place.id,place.name,place.place_type,place.url,possibly_sensitive,quote_count,quoted_status.contributors,quoted_status.coordinates,quoted_status.created_at,quoted_status.display_text_range,quoted_status.entities.hashtags,quoted_status.entities.media,quoted_status.entities.symbols,quoted_status.entities.urls,quoted_status.entities.user_mentions,quoted_status.extended_entities.media,quoted_status.favorite_count,quoted_status.favorited,quoted_status.filter_level,quoted_status.geo,quoted_status.id,quoted_status.id_str,quoted_status.in_reply_to_screen_name,quoted_status.in_reply_to_status_id,quoted_status.in_reply_to_status_id_str,quoted_status.in_reply_to_user_id,quoted_status.in_reply_to_user_id_str,quoted_status.is_quote_status,quoted_status.lang,quoted_status.place,quoted_status.possibly_sensitive,quoted_status.quote_count,quoted_status.reply_count,quoted_status.retweet_count,quoted_status.retweeted,quoted_status.source,quoted_status.text,quoted_status.truncated,quoted_status.user.contributors_enabled,quoted_status.user.created_at,quoted_status.user.default_profile,quoted_status.user.default_profile_image,quoted_status.user.description,quoted_status.user.favourites_count,quoted_status.user.follow_request_sent,quoted_status.user.followers_count,quoted_status.user.following,quoted_status.user.friends_count,quoted_status.user.geo_enabled,quoted_status.user.id,quoted_status.user.id_str,quoted_status.user.is_translator,quoted_status.user.lang,quoted_status.user.listed_count,quoted_status.user.location,quoted_status.user.name,quoted_status.user.notifications,quoted_status.user.profile_background_color,quoted_status.user.profile_background_image_url,quoted_status.user.profile_background_image_url_https,quoted_status.user.profile_background_tile,quoted_status.user.profile_banner_url,quoted_status.user.profile_image_url,quoted_status.user.profile_image_url_https,quoted_status.user.profile_link_color,quoted_status.user.profile_sidebar_border_color,quoted_status.user.profile_sidebar_fill_color,quoted_status.user.profile_text_color,quoted_status.user.profile_use_background_image,quoted_status.user.protected,quoted_status.user.screen_name,quoted_status.user.statuses_count,quoted_status.user.time_zone,quoted_status.user.translator_type,quoted_status.user.url,quoted_status.user.utc_offset,quoted_status.user.verified,quoted_status_id,quoted_status_id_str,quoted_status_permalink.display,quoted_status_permalink.expanded,quoted_status_permalink.url,reply_count,retweet_count,retweeted,retweeted_status.contributors,retweeted_status.coordinates,retweeted_status.created_at,retweeted_status.display_text_range,retweeted_status.entities.hashtags,retweeted_status.entities.media,retweeted_status.entities.symbols,retweeted_status.entities.urls,retweeted_status.entities.user_mentions,retweeted_status.extended_entities.media,retweeted_status.extended_tweet.display_text_range,retweeted_status.extended_tweet.entities.hashtags,retweeted_status.extended_tweet.entities.symbols,retweeted_status.extended_tweet.entities.urls,retweeted_status.extended_tweet.entities.user_mentions,retweeted_status.extended_tweet.full_text,retweeted_status.favorite_count,retweeted_status.favorited,retweeted_status.filter_level,retweeted_status.geo,retweeted_status.id,retweeted_status.id_str,retweeted_status.in_reply_to_screen_name,retweeted_status.in_reply_to_status_id,retweeted_status.in_reply_to_status_id_str,retweeted_status.in_reply_to_user_id,retweeted_status.in_reply_to_user_id_str,retweeted_status.is_quote_status,retweeted_status.lang,retweeted_status.place,retweeted_status.possibly_sensitive,retweeted_status.quote_count,retweeted_status.quoted_status.contributors,retweeted_status.quoted_status.coordinates,retweeted_status.quoted_status.created_at,retweeted_status.quoted_status.display_text_range,retweeted_status.quoted_status.entities.hashtags,retweeted_status.quoted_status.entities.media,retweeted_status.quoted_status.entities.symbols,retweeted_status.quoted_status.entities.urls,retweeted_status.quoted_status.entities.user_mentions,retweeted_status.quoted_status.extended_entities.media,retweeted_status.quoted_status.favorite_count,retweeted_status.quoted_status.favorited,retweeted_status.quoted_status.filter_level,retweeted_status.quoted_status.geo,retweeted_status.quoted_status.id,retweeted_status.quoted_status.id_str,retweeted_status.quoted_status.in_reply_to_screen_name,retweeted_status.quoted_status.in_reply_to_status_id,retweeted_status.quoted_status.in_reply_to_status_id_str,retweeted_status.quoted_status.in_reply_to_user_id,retweeted_status.quoted_status.in_reply_to_user_id_str,retweeted_status.quoted_status.is_quote_status,retweeted_status.quoted_status.lang,retweeted_status.quoted_status.place,retweeted_status.quoted_status.possibly_sensitive,retweeted_status.quoted_status.quote_count,retweeted_status.quoted_status.reply_count,retweeted_status.quoted_status.retweet_count,retweeted_status.quoted_status.retweeted,retweeted_status.quoted_status.source,retweeted_status.quoted_status.text,retweeted_status.quoted_status.truncated,retweeted_status.quoted_status.user.contributors_enabled,retweeted_status.quoted_status.user.created_at,retweeted_status.quoted_status.user.default_profile,retweeted_status.quoted_status.user.default_profile_image,retweeted_status.quoted_status.user.description,retweeted_status.quoted_status.user.favourites_count,retweeted_status.quoted_status.user.follow_request_sent,retweeted_status.quoted_status.user.followers_count,retweeted_status.quoted_status.user.following,retweeted_status.quoted_status.user.friends_count,retweeted_status.quoted_status.user.geo_enabled,retweeted_status.quoted_status.user.id,retweeted_status.quoted_status.user.id_str,retweeted_status.quoted_status.user.is_translator,retweeted_status.quoted_status.user.lang,retweeted_status.quoted_status.user.listed_count,retweeted_status.quoted_status.user.location,retweeted_status.quoted_status.user.name,retweeted_status.quoted_status.user.notifications,retweeted_status.quoted_status.user.profile_background_color,retweeted_status.quoted_status.user.profile_background_image_url,retweeted_status.quoted_status.user.profile_background_image_url_https,retweeted_status.quoted_status.user.profile_background_tile,retweeted_status.quoted_status.user.profile_banner_url,retweeted_status.quoted_status.user.profile_image_url,retweeted_status.quoted_status.user.profile_image_url_https,retweeted_status.quoted_status.user.profile_link_color,retweeted_status.quoted_status.user.profile_sidebar_border_color,retweeted_status.quoted_status.user.profile_sidebar_fill_color,retweeted_status.quoted_status.user.profile_text_color,retweeted_status.quoted_status.user.profile_use_background_image,retweeted_status.quoted_status.user.protected,retweeted_status.quoted_status.user.screen_name,retweeted_status.quoted_status.user.statuses_count,retweeted_status.quoted_status.user.time_zone,retweeted_status.quoted_status.user.translator_type,retweeted_status.quoted_status.user.url,retweeted_status.quoted_status.user.utc_offset,retweeted_status.quoted_status.user.verified,retweeted_status.quoted_status_id,retweeted_status.quoted_status_id_str,retweeted_status.quoted_status_permalink.display,retweeted_status.quoted_status_permalink.expanded,retweeted_status.quoted_status_permalink.url,retweeted_status.reply_count,retweeted_status.retweet_count,retweeted_status.retweeted,retweeted_status.source,retweeted_status.text,retweeted_status.truncated,retweeted_status.user.contributors_enabled,retweeted_status.user.created_at,retweeted_status.user.default_profile,retweeted_status.user.default_profile_image,retweeted_status.user.description,retweeted_status.user.favourites_count,retweeted_status.user.follow_request_sent,retweeted_status.user.followers_count,retweeted_status.user.following,retweeted_status.user.friends_count,retweeted_status.user.geo_enabled,retweeted_status.user.id,retweeted_status.user.id_str,retweeted_status.user.is_translator,retweeted_status.user.lang,retweeted_status.user.listed_count,retweeted_status.user.location,retweeted_status.user.name,retweeted_status.user.notifications,retweeted_status.user.profile_background_color,retweeted_status.user.profile_background_image_url,retweeted_status.user.profile_background_image_url_https,retweeted_status.user.profile_background_tile,retweeted_status.user.profile_banner_url,retweeted_status.user.profile_image_url,retweeted_status.user.profile_image_url_https,retweeted_status.user.profile_link_color,retweeted_status.user.profile_sidebar_border_color,retweeted_status.user.profile_sidebar_fill_color,retweeted_status.user.profile_text_color,retweeted_status.user.profile_use_background_image,retweeted_status.user.protected,retweeted_status.user.screen_name,retweeted_status.user.statuses_count,retweeted_status.user.time_zone,retweeted_status.user.translator_type,retweeted_status.user.url,retweeted_status.user.utc_offset,retweeted_status.user.verified,source,text,timestamp_ms,truncated,user.contributors_enabled,user.created_at,user.default_profile,user.default_profile_image,user.description,user.favourites_count,user.follow_request_sent,user.followers_count,user.following,user.friends_count,user.geo_enabled,user.id,user.id_str,user.is_translator,user.lang,user.listed_count,user.location,user.name,user.notifications,user.profile_background_color,user.profile_background_image_url,user.profile_background_image_url_https,user.profile_background_tile,user.profile_banner_url,user.profile_image_url,user.profile_image_url_https,user.profile_link_color,user.profile_sidebar_border_color,user.profile_sidebar_fill_color,user.profile_text_color,user.profile_use_background_image,user.protected,user.screen_name,user.statuses_count,user.time_zone,user.translator_type,user.url,user.utc_offset,user.verified
0,,,Sun Jun 17 10:39:57 +0000 2018,,"[{u'indices': [31, 40], u'text': u'OnePlus6'}, {u'indices': [60, 68], u'text': u'OnePlus'}]",,[],"[{u'url': u'https://t.co/RpFP30oQZb', u'indices': [70, 93], u'expanded_url': u'http://www.cmrindia.com/deciphering-the-oneplus-6-success-story/', u'display_url': u'cmrindia.com/deciphering-th‚Ä¶'}]","[{u'indices': [3, 14], u'id_str': u'333205131', u'screen_name': u'prabhu_ram', u'name': u'Prabhu Ram', u'id': 333205131}, {u'indices': [45, 53], u'id_str': u'2196922086', u'screen_name': u'oneplus', u'name': u'OnePlus', u'id': 2196922086}]",,,,,,,,,,0,False,low,,1008298192419590144,1008298192419590144,,,,,,False,en,,,,,,,,,,,False,0,,,,,,,,,,,,,,,,,,,,,,,,,,,,,,,,,,,,,,,,,,,,,,,,,,,,,,,,,,,,,,,,,,,,,,,,,,,,,0,0,False,,,Fri Jun 08 07:23:20 +0000 2018,,"[{u'indices': [15, 24], u'text': u'OnePlus6'}, {u'indices': [44, 52], u'text': u'OnePlus'}]",,[],"[{u'url': u'https://t.co/RpFP30oQZb', u'indices': [54, 77], u'expanded_url': u'http://www.cmrindia.com/deciphering-the-oneplus-6-success-story/', u'display_url': u'cmrindia.com/deciphering-th‚Ä¶'}]","[{u'indices': [29, 37], u'id': 2196922086, u'id_str': u'2196922086', u'name': u'OnePlus', u'screen_name': u'oneplus'}]",,,,,,,,0.0,False,low,,1.00498722395e+18,1004987223945736192,,,,,,False,en,,False,0.0,,,,,,,,,,,,,,,,,,,,,,,,,,,,,,,,,,,,,,,,,,,,,,,,,,,,,,,,,,,,,,,,,,,,,,,,,,,,,0.0,136.0,False,"<a href=""http://twitter.com"" rel=""nofollow"">Twitter Web Client</a>","What makes the #OnePlus6 and @OnePlus tick? #OnePlus

https://t.co/RpFP30oQZb",False,False,Mon Jul 11 04:49:04 +0000 2011,True,False,"Head-Industry Intelligence Group at CMR, covering the vibrant devices ecosystem in India, and other Asian Markets.",71.0,,916.0,,400.0,False,333205131.0,333205131,False,en,0.0,Near You,Prabhu Ram,,C0DEED,http://abs.twimg.com/images/themes/theme1/bg.png,https://abs.twimg.com/images/themes/theme1/bg.png,False,https://pbs.twimg.com/profile_banners/333205131/1528452897,http://pbs.twimg.com/profile_images/1005019183006928896/bvmNMSqy_normal.jpg,https://pbs.twimg.com/profile_images/1005019183006928896/bvmNMSqy_normal.jpg,1DA1F2,C0DEED,DDEEF6,333333,True,False,prabhu_ram,555.0,,none,,,False,"<a href=""http://twitter.com"" rel=""nofollow"">Twitter Web Client</a>","RT @prabhu_ram: What makes the #OnePlus6 and @OnePlus tick? #OnePlus

https://t.co/RpFP30oQZb",1529231997004,False,False,Sun Jun 17 10:30:11 +0000 2018,True,False,,0,,0,,0,False,1008295736075792384,1008295736075792384,False,en,0,,alicia labay,,F5F8FA,,,False,,http://pbs.twimg.com/profile_images/1008297567506092032/wLsju6zS_normal.jpg,https://pbs.twimg.com/profile_images/1008297567506092032/wLsju6zS_normal.jpg,1DA1F2,C0DEED,DDEEF6,333333,True,False,alicialabay4,2,,none,,,False
1,,,Sun Jun 17 10:41:31 +0000 2018,"[0, 140]","[{u'indices': [63, 72], u'text': u'OnePlus6'}]",,[],"[{u'url': u'https://t.co/7gHXNpr9mK', u'indices': [117, 140], u'expanded_url': u'https://twitter.com/i/web/status/1008298586961047553', u'display_url': u'twitter.com/i/web/status/1‚Ä¶'}]",[],,"[0, 156]","[{u'indices': [63, 72], u'text': u'OnePlus6'}, {u'indices': [127, 143], u'text': u'TheSpeedYouNeed'}, {u'indices': [144, 147], u'text': u'o2'}, {u'indices': [148, 156], u'text': u'OnePlus'}]","[{u'expanded_url': u'https://twitter.com/guruboston2/status/1008298586961047553/photo/1', u'display_url': u'pic.twitter.com/eYvPv4Tb4S', u'url': u'https://t.co/eYvPv4Tb4S', u'media_url_https': u'https://pbs.twimg.com/media/Df4yNn2W4AATiV_.jpg', u'id_str': u'1008298576194232320', u'sizes': {u'small': {u'h': 680, u'w': 672, u'resize': u'fit'}, u'large': {u'h': 1367, u'w': 1351, u'resize': u'fit'}, u'medium': {u'h': 1200, u'w': 1186, u'resize': u'fit'}, u'thumb': {u'h': 150, u'w': 150, u'resize': u'crop'}}, u'indices': [157, 180], u'type': u'photo', u'id': 1008298576194232320, u'media_url': u'http://pbs.twimg.com/media/Df4yNn2W4AATiV_.jpg'}]",[],[],[],"[{u'expanded_url': u'https://twitter.com/guruboston2/status/1008298586961047553/photo/1', u'display_url': u'pic.twitter.com/eYvPv4Tb4S', u'url': u'https://t.co/eYvPv4Tb4S', u'media_url_https': u'https://pbs.twimg.com/media/Df4yNn2W4AATiV_.jpg', u'id_str': u'1008298576194232320', u'sizes': {u'small': {u'h': 680, u'w': 672, u'resize': u'fit'}, u'large': {u'h': 1367, u'w': 1351, u'resize': u'fit'}, u'medium': {u'h': 1200, u'w': 1186, u'resize': u'fit'}, u'thumb': {u'h': 150, u'w': 150, u'resize': u'crop'}}, u'indices': [157, 180], u'type': u'photo', u'id': 1008298576194232320, u'media_url': u'http://pbs.twimg.com/media/Df4yNn2W4AATiV_.jpg'}]",Good times in store today. Another happy customer with his new #OnePlus6 Pop in for more cool demos on this incredible device. #TheSpeedYouNeed #o2 #OnePlus https://t.co/eYvPv4Tb4S,0,False,low,,1008298586961047553,1008298586961047553,,,,,,False,en,,"[[[-0.079288, 52.946147], [-0.079288, 52.997817], [0.02002, 52.997817], [0.02002, 52.946147]]]",Polygon,United Kingdom,GB,"Boston, England",0868e68c72234224,Boston,city,https://api.twitter.com/1.1/geo/id/0868e68c72234224.json,False,0,,,,,,,,,,,,,,,,,,,,,,,,,,,,,,,,,,,,,,,,,,,,,,,,,,,,,,,,,,,,,,,,,,,,,,,,,,,,,0,0,False,,,,,,,,,,,,,,,,,,,,,,,,,,,,,,,,,,,,,,,,,,,,,,,,,,,,,,,,,,,,,,,,,,,,,,,,,,,,,,,,,,,,,,,,,,,,,,,,,,,,,,,,,,,,,,,,,,,,,,,,,,,,,,,,,,,,,,,,,,,,,,,,,,,,,,,,,,"<a href=""http://twitter.com/download/android"" rel=""nofollow"">Twitter for Android</a>",Good times in store today. Another happy customer with his new #OnePlus6 Pop in for more cool demos on this incredi‚Ä¶ https://t.co/7gHXNpr9mK,1529232091070,True,False,Wed Aug 03 15:30:40 +0000 2016,False,False,"Hi my name is Matthew and I'm an O2 Guru at our Boston store, I'm here for any of your mobile phone/device needs. Please get in touch.",26,,78,,61,True,760860441652371456,760860441652371456,False,en,4,"Boston, England","O2 Guru Matthew, Boston",,000000,http://abs.twimg.com/images/themes/theme1/bg.png,https://abs.twimg.com/images/themes/theme1/bg.png,False,https://pbs.twimg.com/profile_banners/760860441652371456/1507213429,http://pbs.twimg.com/profile_images/915945083064737792/ZHKJFwEa_normal.jpg,https://pbs.twimg.com/profile_images/915945083064737792/ZHKJFwEa_normal.jpg,981CEB,000000,000000,000000,False,False,guruboston2,305,,none,,,False
2,,,Sun Jun 17 10:42:25 +0000 2018,,"[{u'indices': [92, 101], u'text': u'AndroidP'}, {u'indices': [102, 110], u'text': u'OnePlus'}]",,[],"[{u'url': u'https://t.co/ZIfKy1uItg', u'indices': [112, 135], u'expanded_url': u'https://twitter.com/i/web/status/1008298813516328960', u'display_url': u'twitter.com/i/web/status/1‚Ä¶'}]",[],,"[0, 144]","[{u'indices': [92, 101], u'text': u'AndroidP'}, {u'indices': [102, 110], u'text': u'OnePlus'}, {u'indices': [111, 120], u'text': u'OnePlus6'}]",,[],"[{u'url': u'https://t.co/ZVGpURnDbR', u'indices': [121, 144], u'expanded_url': u'http://www.oneplusofficial.com/android-p-beta-2-for-oneplus-6-with-google-lens-in-camera-ambient-display-and-face-unlock/', u'display_url': u'oneplusofficial.com/android-p-beta‚Ä¶'}]",[],,"Android P Beta 2 for OnePlus 6 with Google Lens in camera, Ambient Display, and Face Unlock #AndroidP #OnePlus #OnePlus6 https://t.co/ZVGpURnDbR",0,False,low,,1008298813516328960,1008298813516328960,,,,,,False,en,,,,,,,,,,,False,0,,,,,,,,,,,,,,,,,,,,,,,,,,,,,,,,,,,,,,,,,,,,,,,,,,,,,,,,,,,,,,,,,,,,,,,,,,,,,0,0,False,,,,,,,,,,,,,,,,,,,,,,,,,,,,,,,,,,,,,,,,,,,,,,,,,,,,,,,,,,,,,,,,,,,,,,,,,,,,,,,,,,,,,,,,,,,,,,,,,,,,,,,,,,,,,,,,,,,,,,,,,,,,,,,,,,,,,,,,,,,,,,,,,,,,,,,,,,"<a href=""http://www.facebook.com/twitter"" rel=""nofollow"">Facebook</a>","Android P Beta 2 for OnePlus 6 with Google Lens in camera, Ambient Display, and Face Unlock #AndroidP #OnePlus‚Ä¶ https://t.co/ZIfKy1uItg",1529232145085,True,False,Sat May 12 09:55:14 +0000 2018,True,False,"Our mission is to share the best technology, built hand-in-hand with  you. We focus on smooth software, powerful hardware, and expert  craftsmanship.",0,,12,,28,False,995240979459276800,995240979459276800,False,en,0,USA,OnePlus Official,,F5F8FA,,,False,https://pbs.twimg.com/profile_banners/995240979459276800/1526272878,http://pbs.twimg.com/profile_images/995886934651232257/m-7PQgoK_normal.jpg,https://pbs.twimg.com/profile_images/995886934651232257/m-7PQgoK_normal.jpg,1DA1F2,C0DEED,DDEEF6,333333,True,False,OnePlusPage,76,,none,,,False
3,,,Sun Jun 17 10:42:52 +0000 2018,,"[{u'indices': [31, 40], u'text': u'OnePlus6'}, {u'indices': [60, 68], u'text': u'OnePlus'}]",,[],"[{u'url': u'https://t.co/RpFP30oQZb', u'indices': [70, 93], u'expanded_url': u'http://www.cmrindia.com/deciphering-the-oneplus-6-success-story/', u'display_url': u'cmrindia.com/deciphering-th‚Ä¶'}]","[{u'indices': [3, 14], u'id_str': u'333205131', u'screen_name': u'prabhu_ram', u'name': u'Prabhu Ram', u'id': 333205131}, {u'indices': [45, 53], u'id_str': u'2196922086', u'screen_name': u'oneplus', u'name': u'OnePlus', u'id': 2196922086}]",,,,,,,,,,0,False,low,,1008298928159129600,1008298928159129600,,,,,,False,en,,,,,,,,,,,False,0,,,,,,,,,,,,,,,,,,,,,,,,,,,,,,,,,,,,,,,,,,,,,,,,,,,,,,,,,,,,,,,,,,,,,,,,,,,,,0,0,False,,,Fri Jun 08 07:23:20 +0000 2018,,"[{u'indices': [15, 24], u'text': u'OnePlus6'}, {u'indices': [44, 52], u'text': u'OnePlus'}]",,[],"[{u'url': u'https://t.co/RpFP30oQZb', u'indices': [54, 77], u'expanded_url': u'http://www.cmrindia.com/deciphering-the-oneplus-6-success-story/', u'display_url': u'cmrindia.com/deciphering-th‚Ä¶'}]","[{u'indices': [29, 37], u'id': 2196922086, u'id_str': u'2196922086', u'name': u'OnePlus', u'screen_name': u'oneplus'}]",,,,,,,,0.0,False,low,,1.00498722395e+18,1004987223945736192,,,,,,False,en,,False,0.0,,,,,,,,,,,,,,,,,,,,,,,,,,,,,,,,,,,,,,,,,,,,,,,,,,,,,,,,,,,,,,,,,,,,,,,,,,,,,0.0,137.0,False,"<a href=""http://twitter.com"" rel=""nofollow"">Twitter Web Client</a>","What makes the #OnePlus6 and @OnePlus tick? #OnePlus

https://t.co/RpFP30oQZb",False,False,Mon Jul 11 04:49:04 +0000 2011,True,False,"Head-Industry Intelligence Group at CMR, covering the vibrant devices ecosystem in India, and other Asian Markets.",72.0,,904.0,,400.0,False,333205131.0,333205131,False,en,0.0,Near You,Prabhu Ram,,C0DEED,http://abs.twimg.com/images/themes/theme1/bg.png,https://abs.twimg.com/images/themes/theme1/bg.png,False,https://pbs.twimg.com/profile_banners/333205131/1528452897,http://pbs.twimg.com/profile_images/1005019183006928896/bvmNMSqy_normal.jpg,https://pbs.twimg.com/profile_images/1005019183006928896/bvmNMSqy_normal.jpg,1DA1F2,C0DEED,DDEEF6,333333,True,False,prabhu_ram,555.0,,none,,,False,"<a href=""http://twitter.com"" rel=""nofollow"">Twitter Web Client</a>","RT @prabhu_ram: What makes the #OnePlus6 and @OnePlus tick? #OnePlus

https://t.co/RpFP30oQZb",1529232172418,False,False,Sun Jun 17 10:34:49 +0000 2018,True,False,,0,,0,,0,False,1008296900691255296,1008296900691255296,False,en,0,,tessa patrick,,F5F8FA,,,False,,http://pbs.twimg.com/profile_images/1008298388226543617/gUkAwwo7_normal.jpg,https://pbs.twimg.com/profile_images/1008298388226543617/gUkAwwo7_normal.jpg,1DA1F2,C0DEED,DDEEF6,333333,True,False,tessapa04822097,2,,none,,,False
4,,,Sun Jun 17 10:48:37 +0000 2018,,"[{u'indices': [31, 40], u'text': u'OnePlus6'}, {u'indices': [60, 68], u'text': u'OnePlus'}]",,[],"[{u'url': u'https://t.co/RpFP30oQZb', u'indices': [70, 93], u'expanded_url': u'http://www.cmrindia.com/deciphering-the-oneplus-6-success-story/', u'display_url': u'cmrindia.com/deciphering-th‚Ä¶'}]","[{u'indices': [3, 14], u'id_str': u'333205131', u'screen_name': u'prabhu_ram', u'name': u'Prabhu Ram', u'id': 333205131}, {u'indices': [45, 53], u'id_str': u'2196922086', u'screen_name': u'oneplus', u'name': u'OnePlus', u'id': 2196922086}]",,,,,,,,,,0,False,low,,1008300375294791680,1008300375294791680,,,,,,False,en,,,,,,,,,,,False,0,,,,,,,,,,,,,,,,,,,,,,,,,,,,,,,,,,,,,,,,,,,,,,,,,,,,,,,,,,,,,,,,,,,,,,,,,,,,,0,0,False,,,Fri Jun 08 07:23:20 +0000 2018,,"[{u'indices': [15, 24], u'text': u'OnePlus6'}, {u'indices': [44, 52], u'text': u'OnePlus'}]",,[],"[{u'url': u'https://t.co/RpFP30oQZb', u'indices': [54, 77], u'expanded_url': u'http://www.cmrindia.com/deciphering-the-oneplus-6-success-story/', u'display_url': u'cmrindia.com/deciphering-th‚Ä¶'}]","[{u'indices': [29, 37], u'id': 2196922086, u'id_str': u'2196922086', u'name': u'OnePlus', u'screen_name': u'oneplus'}]",,,,,,,,0.0,False,low,,1.00498722395e+18,1004987223945736192,,,,,,False,en,,False,0.0,,,,,,,,,,,,,,,,,,,,,,,,,,,,,,,,,,,,,,,,,,,,,,,,,,,,,,,,,,,,,,,,,,,,,,,,,,,,,0.0,138.0,False,"<a href=""http://twitter.com"" rel=""nofollow"">Twitter Web Client</a>","What makes the #OnePlus6 and @OnePlus tick? #OnePlus

https://t.co/RpFP30oQZb",False,False,Mon Jul 11 04:49:04 +0000 2011,True,False,"Head-Industry Intelligence Group at CMR, covering the vibrant devices ecosystem in India, and other Asian Markets.",72.0,,916.0,,400.0,False,333205131.0,333205131,False,en,0.0,Near You,Prabhu Ram,,C0DEED,http://abs.twimg.com/images/themes/theme1/bg.png,https://abs.twimg.com/images/themes/theme1/bg.png,False,https://pbs.twimg.com/profile_banners/333205131/1528452897,http://pbs.twimg.com/profile_images/1005019183006928896/bvmNMSqy_normal.jpg,https://pbs.twimg.com/profile_images/1005019183006928896/bvmNMSqy_normal.jpg,1DA1F2,C0DEED,DDEEF6,333333,True,False,prabhu_ram,555.0,,none,,,False,"<a href=""http://twitter.com"" rel=""nofollow"">Twitter Web Client</a>","RT @prabhu_ram: What makes the #OnePlus6 and @OnePlus tick? #OnePlus

https://t.co/RpFP30oQZb",1529232517442,False,False,Sun Jun 17 10:39:43 +0000 2018,True,False,,0,,0,,0,False,1008298133917523970,1008298133917523970,False,en,0,,ÿ±ÿßÿ¨Ÿä,,F5F8FA,,,False,,http://pbs.twimg.com/profile_images/1008299399540346886/ku9LdRNJ_normal.jpg,https://pbs.twimg.com/profile_images/1008299399540346886/ku9LdRNJ_normal.jpg,1DA1F2,C0DEED,DDEEF6,333333,True,False,WY03gPVeDoCsp9r,18,,none,,,False
5,,,Sun Jun 17 10:52:13 +0000 2018,,"[{u'indices': [31, 40], u'text': u'OnePlus6'}, {u'indices': [60, 68], u'text': u'OnePlus'}]",,[],"[{u'url': u'https://t.co/RpFP30oQZb', u'indices': [70, 93], u'expanded_url': u'http://www.cmrindia.com/deciphering-the-oneplus-6-success-story/', u'display_url': u'cmrindia.com/deciphering-th‚Ä¶'}]","[{u'indices': [3, 14], u'id_str': u'333205131', u'screen_name': u'prabhu_ram', u'name': u'Prabhu Ram', u'id': 333205131}, {u'indices': [45, 53], u'id_str': u'2196922086', u'screen_name': u'oneplus', u'name': u'OnePlus', u'id': 2196922086}]",,,,,,,,,,0,False,low,,1008301280291315715,1008301280291315715,,,,,,False,en,,,,,,,,,,,False,0,,,,,,,,,,,,,,,,,,,,,,,,,,,,,,,,,,,,,,,,,,,,,,,,,,,,,,,,,,,,,,,,,,,,,,,,,,,,,0,0,False,,,Fri Jun 08 07:23:20 +0000 2018,,"[{u'indices': [15, 24], u'text': u'OnePlus6'}, {u'indices': [44, 52], u'text': u'OnePlus'}]",,[],"[{u'url': u'https://t.co/RpFP30oQZb', u'indices': [54, 77], u'expanded_url': u'http://www.cmrindia.com/deciphering-the-oneplus-6-success-story/', u'display_url': u'cmrindia.com/deciphering-th‚Ä¶'}]","[{u'indices': [29, 37], u'id': 2196922086, u'id_str': u'2196922086', u'name': u'OnePlus', u'screen_name': u'oneplus'}]",,,,,,,,0.0,False,low,,1.00498722395e+18,1004987223945736192,,,,,,False,en,,False,0.0,,,,,,,,,,,,,,,,,,,,,,,,,,,,,,,,,,,,,,,,,,,,,,,,,,,,,,,,,,,,,,,,,,,,,,,,,,,,,0.0,139.0,False,"<a href=""http://twitter.com"" rel=""nofollow"">Twitter Web Client</a>","What makes the #OnePlus6 and @OnePlus tick? #OnePlus

https://t.co/RpFP30oQZb",False,False,Mon Jul 11 04:49:04 +0000 2011,True,False,"Head-Industry Intelligence Group at CMR, covering the vibrant devices ecosystem in India, and other Asian Markets.",72.0,,904.0,,400.0,False,333205131.0,333205131,False,en,0.0,Near You,Prabhu Ram,,C0DEED,http://abs.twimg.com/images/themes/theme1/bg.png,https://abs.twimg.com/images/themes/theme1/bg.png,False,https://pbs.twimg.com/profile_banners/333205131/1528452897,http://pbs.twimg.com/profile_images/1005019183006928896/bvmNMSqy_normal.jpg,https://pbs.twimg.com/profile_images/1005019183006928896/bvmNMSqy_normal.jpg,1DA1F2,C0DEED,DDEEF6,333333,True,False,prabhu_ram,555.0,,none,,,False,"<a href=""http://twitter.com"" rel=""nofollow"">Twitter Web Client</a>","RT @prabhu_ram: What makes the #OnePlus6 and @OnePlus tick? #OnePlus

https://t.co/RpFP30oQZb",1529232733210,False,False,Sun Jun 17 10:41:52 +0000 2018,True,False,,0,,0,,0,False,1008298677041954818,1008298677041954818,False,en,0,,jennie grimm,,F5F8FA,,,False,,http://pbs.twimg.com/profile_images/1008299609729437697/XJjBpvoh_normal.jpg,https://pbs.twimg.com/profile_images/1008299609729437697/XJjBpvoh_normal.jpg,1DA1F2,C0DEED,DDEEF6,333333,True,False,jenniegrimm14,9,,none,,,False
6,,,Sun Jun 17 10:54:39 +0000 2018,,"[{u'indices': [6, 15], u'text': u'OnePlus6'}, {u'indices': [21, 29], u'text': u'Android'}, {u'indices': [91, 98], u'text': u'google'}, {u'indices': [99, 108], u'text': u'giveaway'}]",,[],"[{u'url': u'https://t.co/OvX6wwgHBw', u'indices': [40, 63], u'expanded_url': u'http://bit.ly/OnePlus6Giveaway', u'display_url': u'bit.ly/OnePlus6Giveaw‚Ä¶'}, {u'url': u'https://t.co/Uz8Z0gW4Es', u'indices': [110, 133], u'expanded_url': u'https://twitter.com/i/web/status/1008301892433133568', u'display_url': u'twitter.com/i/web/status/1‚Ä¶'}]","[{u'indices': [64, 80], u'id_str': u'50766916', u'screen_name': u'Androidheadline', u'name': u'Android Headlines', u'id': 50766916}, {u'indices': [81, 89], u'id_str': u'2196922086', u'screen_name': u'oneplus', u'name': u'OnePlus', u'id': 2196922086}]",,"[0, 150]","[{u'indices': [6, 15], u'text': u'OnePlus6'}, {u'indices': [21, 29], u'text': u'Android'}, {u'indices': [91, 98], u'text': u'google'}, {u'indices': [99, 108], u'text': u'giveaway'}, {u'indices': [109, 117], u'text': u'contest'}, {u'indices': [118, 126], u'text': u'OnePlus'}]",,[],"[{u'url': u'https://t.co/OvX6wwgHBw', u'indices': [40, 63], u'expanded_url': u'http://bit.ly/OnePlus6Giveaway', u'display_url': u'bit.ly/OnePlus6Giveaw‚Ä¶'}, {u'url': u'https://t.co/koR0QQPfUW', u'indices': [127, 150], u'expanded_url': u'http://swee.ps/XFvCRJZJz', u'display_url': u'swee.ps/XFvCRJZJz'}]","[{u'indices': [64, 80], u'id': 50766916, u'id_str': u'50766916', u'name': u'Android Headlines', u'screen_name': u'Androidheadline'}, {u'indices': [81, 89], u'id': 2196922086, u'id_str': u'2196922086', u'name': u'OnePlus', u'screen_name': u'oneplus'}]",,Win A #OnePlus6 With #Android Headlines https://t.co/OvX6wwgHBw @androidheadline @oneplus  #google #giveaway #contest #OnePlus https://t.co/koR0QQPfUW,0,False,low,,1008301892433133568,1008301892433133568,,,,,,False,en,,,,,,,,,,,False,0,,,,,,,,,,,,,,,,,,,,,,,,,,,,,,,,,,,,,,,,,,,,,,,,,,,,,,,,,,,,,,,,,,,,,,,,,,,,,0,0,False,,,,,,,,,,,,,,,,,,,,,,,,,,,,,,,,,,,,,,,,,,,,,,,,,,,,,,,,,,,,,,,,,,,,,,,,,,,,,,,,,,,,,,,,,,,,,,,,,,,,,,,,,,,,,,,,,,,,,,,,,,,,,,,,,,,,,,,,,,,,,,,,,,,,,,,,,,"<a href=""http://twitter.com"" rel=""nofollow"">Twitter Web Client</a>",Win A #OnePlus6 With #Android Headlines https://t.co/OvX6wwgHBw @androidheadline @oneplus  #google #giveaway‚Ä¶ https://t.co/Uz8Z0gW4Es,1529232879156,True,False,Mon Jan 25 02:02:24 +0000 2010,False,False,"#TechLover #foodie #Movielover.. Born to see New things and meet new people around the #world.I Express my words in emoji.üòç
Wish For to be #creator ..üé•üì∑üíª",131852,,795,,229,False,108162613,108162613,False,en,395,"Bogadi, Mysore",Nithin.C.N,,000000,http://abs.twimg.com/images/themes/theme9/bg.gif,https://abs.twimg.com/images/themes/theme9/bg.gif,False,https://pbs.twimg.com/profile_banners/108162613/1522333417,http://pbs.twimg.com/profile_images/957210278193635328/nvYpkbuO_normal.jpg,https://pbs.twimg.com/profile_images/957210278193635328/nvYpkbuO_normal.jpg,1B95E0,000000,000000,000000,False,False,Nithincn,128756,,none,http://www.youtube.com/c/nithincn,,False
7,,,Sun Jun 17 10:57:59 +0000 2018,,"[{u'indices': [31, 40], u'text': u'OnePlus6'}, {u'indices': [60, 68], u'text': u'OnePlus'}]",,[],"[{u'url': u'https://t.co/RpFP30oQZb', u'indices': [70, 93], u'expanded_url': u'http://www.cmrindia.com/deciphering-the-oneplus-6-success-story/', u'display_url': u'cmrindia.com/deciphering-th‚Ä¶'}]","[{u'indices': [3, 14], u'id_str': u'333205131', u'screen_name': u'prabhu_ram', u'name': u'Prabhu Ram', u'id': 333205131}, {u'indices': [45, 53], u'id_str': u'2196922086', u'screen_name': u'oneplus', u'name': u'OnePlus', u'id': 2196922086}]",,,,,,,,,,0,False,low,,1008302732413894656,1008302732413894656,,,,,,False,en,,,,,,,,,,,False,0,,,,,,,,,,,,,,,,,,,,,,,,,,,,,,,,,,,,,,,,,,,,,,,,,,,,,,,,,,,,,,,,,,,,,,,,,,,,,0,0,False,,,Fri Jun 08 07:23:20 +0000 2018,,"[{u'indices': [15, 24], u'text': u'OnePlus6'}, {u'indices': [44, 52], u'text': u'OnePlus'}]",,[],"[{u'url': u'https://t.co/RpFP30oQZb', u'indices': [54, 77], u'expanded_url': u'http://www.cmrindia.com/deciphering-the-oneplus-6-success-story/', u'display_url': u'cmrindia.com/deciphering-th‚Ä¶'}]","[{u'indices': [29, 37], u'id': 2196922086, u'id_str': u'2196922086', u'name': u'OnePlus', u'screen_name': u'oneplus'}]",,,,,,,,0.0,False,low,,1.00498722395e+18,1004987223945736192,,,,,,False,en,,False,0.0,,,,,,,,,,,,,,,,,,,,,,,,,,,,,,,,,,,,,,,,,,,,,,,,,,,,,,,,,,,,,,,,,,,,,,,,,,,,,0.0,140.0,False,"<a href=""http://twitter.com"" rel=""nofollow"">Twitter Web Client</a>","What makes the #OnePlus6 and @OnePlus tick? #OnePlus

https://t.co/RpFP30oQZb",False,False,Mon Jul 11 04:49:04 +0000 2011,True,False,"Head-Industry Intelligence Group at CMR, covering the vibrant devices ecosystem in India, and other Asian Markets.",72.0,,916.0,,400.0,False,333205131.0,333205131,False,en,0.0,Near You,Prabhu Ram,,C0DEED,http://abs.twimg.com/images/themes/theme1/bg.png,https://abs.twimg.com/images/themes/theme1/bg.png,False,https://pbs.twimg.com/profile_banners/333205131/1528452897,http://pbs.twimg.com/profile_images/1005019183006928896/bvmNMSqy_normal.jpg,https://pbs.twimg.com/profile_images/1005019183006928896/bvmNMSqy_normal.jpg,1DA1F2,C0DEED,DDEEF6,333333,True,False,prabhu_ram,555.0,,none,,,False,"<a href=""http://twitter.com"" rel=""nofollow"">Twitter Web Client</a>","RT @prabhu_ram: What makes the #OnePlus6 and @OnePlus tick? #OnePlus

https://t.co/RpFP30oQZb",1529233079423,False,False,Sun Jun 17 10:45:50 +0000 2018,True,False,,0,,0,,0,False,1008299675357769728,1008299675357769728,False,en,0,,ÿ≠ÿ≥ŸÜŸä ÿ®ÿ∑Ÿä,,F5F8FA,,,False,,http://pbs.twimg.com/profile_images/1008300689737572352/XrORNPEl_normal.jpg,https://pbs.twimg.com/profile_images/1008300689737572352/XrORNPEl_normal.jpg,1DA1F2,C0DEED,DDEEF6,333333,True,False,FcceNcMdVDAuyrt,12,,none,,,False
8,,,Sun Jun 17 11:01:58 +0000 2018,,"[{u'indices': [31, 40], u'text': u'OnePlus6'}, {u'indices': [60, 68], u'text': u'OnePlus'}]",,[],"[{u'url': u'https://t.co/RpFP30oQZb', u'indices': [70, 93], u'expanded_url': u'http://www.cmrindia.com/deciphering-the-oneplus-6-success-story/', u'display_url': u'cmrindia.com/deciphering-th‚Ä¶'}]","[{u'indices': [3, 14], u'id_str': u'333205131', u'screen_name': u'prabhu_ram', u'name': u'Prabhu Ram', u'id': 333205131}, {u'indices': [45, 53], u'id_str': u'2196922086', u'screen_name': u'oneplus', u'name': u'OnePlus', u'id': 2196922086}]",,,,,,,,,,0,False,low,,1008303733451587584,1008303733451587584,,,,,,False,en,,,,,,,,,,,False,0,,,,,,,,,,,,,,,,,,,,,,,,,,,,,,,,,,,,,,,,,,,,,,,,,,,,,,,,,,,,,,,,,,,,,,,,,,,,,0,0,False,,,Fri Jun 08 07:23:20 +0000 2018,,"[{u'indices': [15, 24], u'text': u'OnePlus6'}, {u'indices': [44, 52], u'text': u'OnePlus'}]",,[],"[{u'url': u'https://t.co/RpFP30oQZb', u'indices': [54, 77], u'expanded_url': u'http://www.cmrindia.com/deciphering-the-oneplus-6-success-story/', u'display_url': u'cmrindia.com/deciphering-th‚Ä¶'}]","[{u'indices': [29, 37], u'id': 2196922086, u'id_str': u'2196922086', u'name': u'OnePlus', u'screen_name': u'oneplus'}]",,,,,,,,0.0,False,low,,1.00498722395e+18,1004987223945736192,,,,,,False,en,,False,0.0,,,,,,,,,,,,,,,,,,,,,,,,,,,,,,,,,,,,,,,,,,,,,,,,,,,,,,,,,,,,,,,,,,,,,,,,,,,,,0.0,140.0,False,"<a href=""http://twitter.com"" rel=""nofollow"">Twitter Web Client</a>","What makes the #OnePlus6 and @OnePlus tick? #OnePlus

https://t.co/RpFP30oQZb",False,False,Mon Jul 11 04:49:04 +0000 2011,True,False,"Head-Industry Intelligence Group at CMR, covering the vibrant devices ecosystem in India, and other Asian Markets.",72.0,,904.0,,400.0,False,333205131.0,333205131,False,en,0.0,Near You,Prabhu Ram,,C0DEED,http://abs.twimg.com/images/themes/theme1/bg.png,https://abs.twimg.com/images/themes/theme1/bg.png,False,https://pbs.twimg.com/profile_banners/333205131/1528452897,http://pbs.twimg.com/profile_images/1005019183006928896/bvmNMSqy_normal.jpg,https://pbs.twimg.com/profile_images/1005019183006928896/bvmNMSqy_normal.jpg,1DA1F2,C0DEED,DDEEF6,333333,True,False,prabhu_ram,555.0,,none,,,False,"<a href=""http://twitter.com"" rel=""nofollow"">Twitter Web Client</a>","RT @prabhu_ram: What makes the #OnePlus6 and @OnePlus tick? #OnePlus

https://t.co/RpFP30oQZb",1529233318089,False,False,Sun Jun 17 10:53:01 +0000 2018,True,False,,0,,0,,0,False,1008301482628677632,1008301482628677632,False,en,0,,ÿÆŸÑŸàŸÇ ÿßŸÑŸÑŸá,,F5F8FA,,,False,,http://pbs.twimg.com/profile_images/1008302223170985985/gdZg6hZb_normal.jpg,https://pbs.twimg.com/profile_images/1008302223170985985/gdZg6hZb_normal.jpg,1DA1F2,C0DEED,DDEEF6,333333,True,False,IDJskxqefY608pR,13,,none,,,False
9,,,Sun Jun 17 11:03:24 +0000 2018,,"[{u'indices': [19, 28], u'text': u'OnePlus6'}, {u'indices': [59, 66], u'text': u'Amazon'}, {u'indices': [94, 102], u'text': u'OnePlus'}, {u'indices': [103, 115], u'text': u'NeverSettle'}, {u'indices': [116, 121], u'text': u'Tech'}, {u'indices': [122, 129], u'text': u'Techie'}]",,[],"[{u'url': u'https://t.co/OlBokkbgKd', u'indices': [69, 92], u'expanded_url': u'https://amzn.to/2GvQo9k', u'display_url': u'amzn.to/2GvQo9k'}]","[{u'indices': [3, 17], u'id_str': u'3298930011', u'screen_name': u'DarthNewsSide', u'name': u'Darth News Side', u'id': 3298930011}]",,,,,,,,,,0,False,low,,1008304097978732544,1008304097978732544,,,,,,False,it,,,,,,,,,,,False,0,,,,,,,,,,,,,,,,,,,,,,,,,,,,,,,,,,,,,,,,,,,,,,,,,,,,,,,,,,,,,,,,,,,,,,,,,,,,,0,0,False,,,Sun Jun 17 09:24:12 +0000 2018,,"[{u'indices': [0, 9], u'text': u'OnePlus6'}, {u'indices': [40, 47], u'text': u'Amazon'}, {u'indices': [75, 83], u'text': u'OnePlus'}, {u'indices': [84, 96], u'text': u'NeverSettle'}, {u'indices': [97, 102], u'text': u'Tech'}, {u'indices': [103, 110], u'text': u'Techie'}]",,[],"[{u'url': u'https://t.co/OlBokkbgKd', u'indices': [50, 73], u'expanded_url': u'https://amzn.to/2GvQo9k', u'display_url': u'amzn.to/2GvQo9k'}, {u'url': u'https://t.co/eEDS1slpLv', u'indices': [112, 135], u'expanded_url': u'https://twitter.com/i/web/status/1008279130205573120', u'display_url': u'twitter.com/i/web/status/1‚Ä¶'}]",[],,"[0, 279]","[{u'indices': [0, 9], u'text': u'OnePlus6'}, {u'indices': [40, 47], u'text': u'Amazon'}, {u'indices': [75, 83], u'text': u'OnePlus'}, {u'indices': [84, 96], u'text': u'NeverSettle'}, {u'indices': [97, 102], u'text': u'Tech'}, {u'indices': [103, 110], u'text': u'Techie'}, {u'indices': [111, 122], u'text': u'Smartphone'}, {u'indices': [123, 131], u'text': u'Android'}, {u'indices': [132, 141], u'text': u'OxygenOS'}, {u'indices': [142, 151], u'text': u'Preorder'}, {u'indices': [257, 266], u'text': u'17giugno'}, {u'indices': [267, 279], u'text': u'OnePlusLove'}]",[],"[{u'url': u'https://t.co/OlBokkbgKd', u'indices': [50, 73], u'expanded_url': u'https://amzn.to/2GvQo9k', u'display_url': u'amzn.to/2GvQo9k'}]","[{u'indices': [152, 168], u'screen_name': u'ReTwitStorm_ita', u'id': 736912210509897729, u'name': u'ReTwitStorm Italia', u'id_str': u'736912210509897729'}, {u'indices': [169, 182], u'screen_name': u'akun_reTweet', u'id': 992328192, u'name': u'reTweet', u'id_str': u'992328192'}, {u'indices': [183, 196], u'screen_name': u'tiritwittoio', u'id': 419946721, u'name': u'Ti Ritwitto Io!', u'id_str': u'419946721'}, {u'indices': [197, 212], u'screen_name': u'RitwittoeSeguo', u'id': 2561719567, u'name': u'Retwittatrice Pazza¬©', u'id_str': u'2561719567'}, {u'indices': [213, 227], u'screen_name': u'BlogReviewsRT', u'id': 900636495228416000, u'name': u'BlogReviewsRT', u'id_str': u'900636495228416000'}, {u'indices': [228, 242], u'screen_name': u'Ritwittandoci', u'id': 603647824, u'name': u'R e t w i t l a n d', u'id_str': u'603647824'}, {u'indices': [243, 256], u'screen_name': u'TiRetwittolo', u'id': 4218399309, u'name': u'Ti Retwittolo', u'id_str': u'4218399309'}]","#OnePlus6 pu√≤ essere acquistato pure su #Amazon:

https://t.co/OlBokkbgKd

#OnePlus #NeverSettle #Tech #Techie #Smartphone #Android #OxygenOS #Preorder @ReTwitStorm_ita @akun_reTweet @tiritwittoio @RitwittoeSeguo @BlogReviewsRT @Ritwittandoci @TiRetwittolo #17giugno #OnePlusLove",0.0,False,low,,1.00827913021e+18,1008279130205573120,,,,,,False,it,,False,0.0,,,,,,,,,,,,,,,,,,,,,,,,,,,,,,,,,,,,,,,,,,,,,,,,,,,,,,,,,,,,,,,,,,,,,,,,,,,,,0.0,1.0,False,"<a href=""http://twitter.com"" rel=""nofollow"">Twitter Web Client</a>","#OnePlus6 pu√≤ essere acquistato pure su #Amazon:

https://t.co/OlBokkbgKd

#OnePlus #NeverSettle #Tech #Techie‚Ä¶ https://t.co/eEDS1slpLv",True,False,Tue May 26 08:46:49 +0000 2015,False,False,"Adoro la tecnologia e tutto quello che ruota intorno ad essa.

E tu, leggi il blog di Darth News Side. Passa al lato oscuro delle notizie

üáÆüáπüì±üåë",2459.0,,1174.0,,2415.0,False,3298930011.0,3298930011,False,it,44.0,Italia,Darth News Side,,000000,http://abs.twimg.com/images/themes/theme15/bg.png,https://abs.twimg.com/images/themes/theme15/bg.png,False,https://pbs.twimg.com/profile_banners/3298930011/1495808516,http://pbs.twimg.com/profile_images/832653630675288068/KvROW_cp_normal.jpg,https://pbs.twimg.com/profile_images/832653630675288068/KvROW_cp_normal.jpg,1B95E0,000000,000000,000000,False,False,DarthNewsSide,6955.0,,none,http://www.darthnewsside.it,,False,"<a href=""http://twitter.com"" rel=""nofollow"">Twitter Web Client</a>","RT @DarthNewsSide: #OnePlus6 pu√≤ essere acquistato pure su #Amazon:

https://t.co/OlBokkbgKd

#OnePlus #NeverSettle #Tech #Techie #Smartpho‚Ä¶",1529233404999,False,False,Tue May 26 08:46:49 +0000 2015,False,False,"Adoro la tecnologia e tutto quello che ruota intorno ad essa.

E tu, leggi il blog di Darth News Side. Passa al lato oscuro delle notizie

üáÆüáπüì±üåë",2459,,1174,,2415,False,3298930011,3298930011,False,it,44,Italia,Darth News Side,,000000,http://abs.twimg.com/images/themes/theme15/bg.png,https://abs.twimg.com/images/themes/theme15/bg.png,False,https://pbs.twimg.com/profile_banners/3298930011/1495808516,http://pbs.twimg.com/profile_images/832653630675288068/KvROW_cp_normal.jpg,https://pbs.twimg.com/profile_images/832653630675288068/KvROW_cp_normal.jpg,1B95E0,000000,000000,000000,False,False,DarthNewsSide,6956,,none,http://www.darthnewsside.it,,False
10,,,Sun Jun 17 11:08:36 +0000 2018,"[0, 140]","[{u'indices': [52, 59], u'text': u'nature'}, {u'indices': [60, 65], u'text': u'view'}, {u'indices': [66, 72], u'text': u'peace'}, {u'indices': [73, 78], u'text': u'park'}, {u'indices': [79, 86], u'text': u'tarlac'}, {u'indices': [87, 95], u'text': u'oneplus'}, {u'indices': [96, 106], u'text': u'oneplus5t'}]",,[],"[{u'url': u'https://t.co/3Ixi8ydd67', u'indices': [108, 131], u'expanded_url': u'https://twitter.com/i/web/status/1008305403636088832', u'display_url': u'twitter.com/i/web/status/1‚Ä¶'}]",[],,"[0, 275]","[{u'indices': [52, 59], u'text': u'nature'}, {u'indices': [60, 65], u'text': u'view'}, {u'indices': [66, 72], u'text': u'peace'}, {u'indices': [73, 78], u'text': u'park'}, {u'indices': [79, 86], u'text': u'tarlac'}, {u'indices': [87, 95], u'text': u'oneplus'}, {u'indices': [96, 106], u'text': u'oneplus5t'}, {u'indices': [107, 121], u'text': u'travelwithyel'}, {u'indices': [122, 132], u'text': u'instagood'}, {u'indices': [133, 144], u'text': u'instadaily'}, {u'indices': [145, 159], u'text': u'photooftheday'}, {u'indices': [160, 172], u'text': u'instatravel'}, {u'indices': [173, 184], u'text': u'travelgram'}, {u'indices': [185, 192], u'text': u'travel'}, {u'indices': [193, 204], u'text': u'summer2018'}, {u'indices': [205, 214], u'text': u'travelph'}, {u'indices': [215, 233], u'text': u'choosephilippines'}, {u'indices': [234, 247], u'text': u'seepilipinas'}, {u'indices': [248, 250], u'text': u'v'}]","[{u'expanded_url': u'https://twitter.com/travelwithyel/status/1008305403636088832/photo/1', u'display_url': u'pic.twitter.com/FJJxaCZMO6', u'url': u'https://t.co/FJJxaCZMO6', u'media_url_https': u'https://pbs.twimg.com/media/Df44a9HXUAAIh03.jpg', u'id_str': u'1008305402310774784', u'sizes': {u'small': {u'h': 680, u'w': 544, u'resize': u'fit'}, u'large': {u'h': 800, u'w': 640, u'resize': u'fit'}, u'medium': {u'h': 800, u'w': 640, u'resize': u'fit'}, u'thumb': {u'h': 150, u'w': 150, u'resize': u'crop'}}, u'indices': [276, 299], u'type': u'photo', u'id': 1008305402310774784, u'media_url': u'http://pbs.twimg.com/media/Df44a9HXUAAIh03.jpg'}]",[],"[{u'url': u'https://t.co/z2jPDTGizF', u'indices': [252, 275], u'expanded_url': u'https://ift.tt/2JUE3BB', u'display_url': u'ift.tt/2JUE3BB'}]",[],"[{u'expanded_url': u'https://twitter.com/travelwithyel/status/1008305403636088832/photo/1', u'display_url': u'pic.twitter.com/FJJxaCZMO6', u'url': u'https://t.co/FJJxaCZMO6', u'media_url_https': u'https://pbs.twimg.com/media/Df44a9HXUAAIh03.jpg', u'id_str': u'1008305402310774784', u'sizes': {u'small': {u'h': 680, u'w': 544, u'resize': u'fit'}, u'large': {u'h': 800, u'w': 640, u'resize': u'fit'}, u'medium': {u'h': 800, u'w': 640, u'resize': u'fit'}, u'thumb': {u'h': 150, u'w': 150, u'resize': u'crop'}}, u'indices': [276, 299], u'type': u'photo', u'id': 1008305402310774784, u'media_url': u'http://pbs.twimg.com/media/Df44a9HXUAAIh03.jpg'}]","Keep calm and enjoy nature. üíöüíöüíö
.
.
.
.
.
.
.
.
.
.
#nature #view #peace #park #tarlac #oneplus #oneplus5t #travelwithyel #instagood #instadaily #photooftheday #instatravel #travelgram #travel #summer2018 #travelph #choosephilippines #seepilipinas #v‚Ä¶ https://t.co/z2jPDTGizF https://t.co/FJJxaCZMO6",0,False,low,,1008305403636088832,1008305403636088832,,,,,,False,en,,,,,,,,,,,False,0,,,,,,,,,,,,,,,,,,,,,,,,,,,,,,,,,,,,,,,,,,,,,,,,,,,,,,,,,,,,,,,,,,,,,,,,,,,,,0,0,False,,,,,,,,,,,,,,,,,,,,,,,,,,,,,,,,,,,,,,,,,,,,,,,,,,,,,,,,,,,,,,,,,,,,,,,,,,,,,,,,,,,,,,,,,,,,,,,,,,,,,,,,,,,,,,,,,,,,,,,,,,,,,,,,,,,,,,,,,,,,,,,,,,,,,,,,,,"<a href=""https://ifttt.com"" rel=""nofollow"">IFTTT</a>","Keep calm and enjoy nature. üíöüíöüíö
.
.
.
.
.
.
.
.
.
.
#nature #view #peace #park #tarlac #oneplus #oneplus5t‚Ä¶ https://t.co/3Ixi8ydd67",1529233716292,True,False,Mon Dec 12 04:31:47 +0000 2016,True,False,"Discover places. Explore ideas.

http://travelwithyel.com coming soon!",2,,11,,4,False,808167440580345856,808167440580345856,False,en,1,Quezon City,travel with yel,,F5F8FA,,,False,https://pbs.twimg.com/profile_banners/808167440580345856/1481517932,http://pbs.twimg.com/profile_images/808171081123053569/TKEqb0f1_normal.jpg,https://pbs.twimg.com/profile_images/808171081123053569/TKEqb0f1_normal.jpg,1DA1F2,C0DEED,DDEEF6,333333,True,False,travelwithyel,216,,none,,,False
11,,,Sun Jun 17 11:10:05 +0000 2018,"[0, 24]","[{u'indices': [16, 24], u'text': u'OnePlus'}]","[{u'expanded_url': u'https://twitter.com/Its_Indhiran/status/1008305777868587011/photo/1', u'sizes': {u'small': {u'h': 341, u'resize': u'fit', u'w': 680}, u'large': {u'h': 1026, u'resize': u'fit', u'w': 2048}, u'medium': {u'h': 601, u'resize': u'fit', u'w': 1200}, u'thumb': {u'h': 150, u'resize': u'crop', u'w': 150}}, u'url': u'https://t.co/TLRu8AOX5Z', u'media_url_https': u'https://pbs.twimg.com/media/Df44vvQUYAArBSF.jpg', u'display_url': u'pic.twitter.com/TLRu8AOX5Z', u'id_str': u'1008305759367487488', u'indices': [25, 48], u'type': u'photo', u'id': 1008305759367487488, u'media_url': u'http://pbs.twimg.com/media/Df44vvQUYAArBSF.jpg'}]",[],[],[],"[{u'expanded_url': u'https://twitter.com/Its_Indhiran/status/1008305777868587011/photo/1', u'sizes': {u'small': {u'h': 341, u'resize': u'fit', u'w': 680}, u'large': {u'h': 1026, u'resize': u'fit', u'w': 2048}, u'medium': {u'h': 601, u'resize': u'fit', u'w': 1200}, u'thumb': {u'h': 150, u'resize': u'crop', u'w': 150}}, u'url': u'https://t.co/TLRu8AOX5Z', u'media_url_https': u'https://pbs.twimg.com/media/Df44vvQUYAArBSF.jpg', u'display_url': u'pic.twitter.com/TLRu8AOX5Z', u'id_str': u'1008305759367487488', u'indices': [25, 48], u'type': u'photo', u'id': 1008305759367487488, u'media_url': u'http://pbs.twimg.com/media/Df44vvQUYAArBSF.jpg'}]",,,,,,,,,0,False,low,,1008305777868587011,1008305777868587011,,,,,,False,ta,,,,,,,,,,,False,0,,,,,,,,,,,,,,,,,,,,,,,,,,,,,,,,,,,,,,,,,,,,,,,,,,,,,,,,,,,,,,,,,,,,,,,,,,,,,0,0,False,,,,,,,,,,,,,,,,,,,,,,,,,,,,,,,,,,,,,,,,,,,,,,,,,,,,,,,,,,,,,,,,,,,,,,,,,,,,,,,,,,,,,,,,,,,,,,,,,,,,,,,,,,,,,,,,,,,,,,,,,,,,,,,,,,,,,,,,,,,,,,,,,,,,,,,,,,"<a href=""http://twitter.com/download/android"" rel=""nofollow"">Twitter for Android</a>","‡Æ§‡Øä‡Æü‡Øç‡Æü‡Æø‡Æ™‡Øç‡Æ™‡Ææ‡Æ≤‡ÆÆ‡Øç.

#OnePlus https://t.co/TLRu8AOX5Z",1529233805516,False,False,Tue Dec 23 18:24:44 +0000 2014,True,False,"* Atheist * Andriod Developer * Piano Lover * Follower of Che Guavara*

Proud member of @yaavarumkelir",1191,,1515,,302,False,2941092829,2941092829,False,en,5,‡ÆÆ‡ØÜ‡Æü‡Øç‡Æ∞‡Ææ‡Æ∏‡Øç,‡Æá‡Æ®‡Øç‡Æ§‡Æø‡Æ∞‡Æ©‡Øç,,C0DEED,http://abs.twimg.com/images/themes/theme1/bg.png,https://abs.twimg.com/images/themes/theme1/bg.png,False,https://pbs.twimg.com/profile_banners/2941092829/1508428323,http://pbs.twimg.com/profile_images/1003855935771586560/SJPKgb_o_normal.jpg,https://pbs.twimg.com/profile_images/1003855935771586560/SJPKgb_o_normal.jpg,1DA1F2,C0DEED,DDEEF6,333333,True,False,Its_Indhiran,19671,,none,,,False
12,,,Sun Jun 17 11:10:55 +0000 2018,,"[{u'indices': [18, 26], u'text': u'OnePlus'}, {u'indices': [35, 41], u'text': u'India'}]","[{u'source_user_id': 22205952, u'source_status_id_str': u'1006044338013470725', u'expanded_url': u'https://twitter.com/forbes_india/status/1006044338013470725/photo/1', u'display_url': u'pic.twitter.com/NacuyaqmsB', u'url': u'https://t.co/NacuyaqmsB', u'media_url_https': u'https://pbs.twimg.com/media/DfYv53PX0AATK3u.jpg', u'source_user_id_str': u'22205952', u'source_status_id': 1006044338013470725, u'id_str': u'1006044237891358720', u'sizes': {u'small': {u'h': 453, u'resize': u'fit', u'w': 680}, u'large': {u'h': 600, u'resize': u'fit', u'w': 900}, u'medium': {u'h': 600, u'resize': u'fit', u'w': 900}, u'thumb': {u'h': 150, u'resize': u'crop', u'w': 150}}, u'indices': [108, 131], u'type': u'photo', u'id': 1006044237891358720, u'media_url': u'http://pbs.twimg.com/media/DfYv53PX0AATK3u.jpg'}]",[],"[{u'url': u'https://t.co/4nxghjexAT', u'indices': [63, 86], u'expanded_url': u'http://www.forbesindia.com/article/boardroom/oneplus-eyeing-india-as-its-home-market/50421/1', u'display_url': u'forbesindia.com/article/boardr‚Ä¶'}]","[{u'indices': [3, 16], u'id_str': u'22205952', u'screen_name': u'forbes_india', u'name': u'Forbes India', u'id': 22205952}, {u'indices': [92, 107], u'id_str': u'868295280', u'screen_name': u'anshul_dhamija', u'name': u'anshul dhamija', u'id': 868295280}]","[{u'source_user_id': 22205952, u'source_status_id_str': u'1006044338013470725', u'expanded_url': u'https://twitter.com/forbes_india/status/1006044338013470725/photo/1', u'display_url': u'pic.twitter.com/NacuyaqmsB', u'url': u'https://t.co/NacuyaqmsB', u'media_url_https': u'https://pbs.twimg.com/media/DfYv53PX0AATK3u.jpg', u'source_user_id_str': u'22205952', u'source_status_id': 1006044338013470725, u'id_str': u'1006044237891358720', u'sizes': {u'small': {u'h': 453, u'resize': u'fit', u'w': 680}, u'large': {u'h': 600, u'resize': u'fit', u'w': 900}, u'medium': {u'h': 600, u'resize': u'fit', u'w': 900}, u'thumb': {u'h': 150, u'resize': u'crop', u'w': 150}}, u'indices': [108, 131], u'type': u'photo', u'id': 1006044237891358720, u'media_url': u'http://pbs.twimg.com/media/DfYv53PX0AATK3u.jpg'}]",,,,,,,,,0,False,low,,1008305989504897024,1008305989504897024,,,,,,False,en,,,,,,,,,,,False,0,,,,,,,,,,,,,,,,,,,,,,,,,,,,,,,,,,,,,,,,,,,,,,,,,,,,,,,,,,,,,,,,,,,,,,,,,,,,,0,0,False,,,Mon Jun 11 05:23:56 +0000 2018,"[0, 89]","[{u'indices': [0, 8], u'text': u'OnePlus'}, {u'indices': [17, 23], u'text': u'India'}]","[{u'expanded_url': u'https://twitter.com/forbes_india/status/1006044338013470725/photo/1', u'display_url': u'pic.twitter.com/NacuyaqmsB', u'url': u'https://t.co/NacuyaqmsB', u'media_url_https': u'https://pbs.twimg.com/media/DfYv53PX0AATK3u.jpg', u'id_str': u'1006044237891358720', u'sizes': {u'small': {u'h': 453, u'w': 680, u'resize': u'fit'}, u'large': {u'h': 600, u'w': 900, u'resize': u'fit'}, u'medium': {u'h': 600, u'w': 900, u'resize': u'fit'}, u'thumb': {u'h': 150, u'w': 150, u'resize': u'crop'}}, u'indices': [90, 113], u'type': u'photo', u'id': 1006044237891358720, u'media_url': u'http://pbs.twimg.com/media/DfYv53PX0AATK3u.jpg'}]",[],"[{u'url': u'https://t.co/4nxghjexAT', u'indices': [45, 68], u'expanded_url': u'http://www.forbesindia.com/article/boardroom/oneplus-eyeing-india-as-its-home-market/50421/1', u'display_url': u'forbesindia.com/article/boardr‚Ä¶'}]","[{u'indices': [74, 89], u'id': 868295280, u'id_str': u'868295280', u'name': u'anshul dhamija', u'screen_name': u'anshul_dhamija'}]","[{u'expanded_url': u'https://twitter.com/forbes_india/status/1006044338013470725/photo/1', u'display_url': u'pic.twitter.com/NacuyaqmsB', u'url': u'https://t.co/NacuyaqmsB', u'media_url_https': u'https://pbs.twimg.com/media/DfYv53PX0AATK3u.jpg', u'id_str': u'1006044237891358720', u'sizes': {u'small': {u'h': 453, u'w': 680, u'resize': u'fit'}, u'large': {u'h': 600, u'w': 900, u'resize': u'fit'}, u'medium': {u'h': 600, u'w': 900, u'resize': u'fit'}, u'thumb': {u'h': 150, u'w': 150, u'resize': u'crop'}}, u'indices': [90, 113], u'type': u'photo', u'id': 1006044237891358720, u'media_url': u'http://pbs.twimg.com/media/DfYv53PX0AATK3u.jpg'}]",,,,,,,235.0,False,low,,1.00604433801e+18,1006044338013470725,,,,,,False,en,,False,4.0,,,,,,,,,,,,,,,,,,,,,,,,,,,,,,,,,,,,,,,,,,,,,,,,,,,,,,,,,,,,,,,,,,,,,,,,,,,,,5.0,37.0,False,"<a href=""http://twitter.com"" rel=""nofollow"">Twitter Web Client</a>","#OnePlus: Eyeing #India as its 'home' market
https://t.co/4nxghjexAT | By @anshul_dhamija https://t.co/NacuyaqmsB",False,False,Fri Feb 27 23:28:43 +0000 2009,False,False,"Bringing you the best conversations on Indian and international business, in alliance with @Forbes. Run by our journalists. Read more at http://t.co/jSdy7uG6PL",1545.0,,1151864.0,,1247.0,False,22205952.0,22205952,False,en,1646.0,India,Forbes India,,B2DFDA,http://abs.twimg.com/images/themes/theme1/bg.png,https://abs.twimg.com/images/themes/theme1/bg.png,True,https://pbs.twimg.com/profile_banners/22205952/1528430960,http://pbs.twimg.com/profile_images/473352616273915904/6kh6NANH_normal.jpeg,https://pbs.twimg.com/profile_images/473352616273915904/6kh6NANH_normal.jpeg,3B94D9,FFFFFF,DDEEF6,333333,True,False,forbes_india,39839.0,,regular,http://forbesindia.com,,True,"<a href=""http://twitter.com/download/android"" rel=""nofollow"">Twitter for Android</a>","RT @forbes_india: #OnePlus: Eyeing #India as its 'home' market
https://t.co/4nxghjexAT | By @anshul_dhamija https://t.co/NacuyaqmsB",1529233855974,False,False,Wed Oct 23 14:44:11 +0000 2013,False,False,"#NeverSettle.
Brand Ambassador @oneplus @OnePlus_IN @xiaomi @XiaomiIndia",10016,,164,,1613,True,2151118554,2151118554,False,en,0,"Mumbai,India",Raj Shah,,C0DEED,http://abs.twimg.com/images/themes/theme1/bg.png,https://abs.twimg.com/images/themes/theme1/bg.png,False,https://pbs.twimg.com/profile_banners/2151118554/1422995465,http://pbs.twimg.com/profile_images/976344463336288256/AdD0WYPk_normal.jpg,https://pbs.twimg.com/profile_images/976344463336288256/AdD0WYPk_normal.jpg,DD2E44,C0DEED,DDEEF6,333333,True,False,rajshah24_12,2077,,none,http://www.iqcube.in,,False
13,,,Sun Jun 17 11:11:28 +0000 2018,,[],,[],"[{u'url': u'https://t.co/AieuNkhsQZ', u'indices': [102, 125], u'expanded_url': u'https://twitter.com/forbes_india/status/1006044338013470725', u'display_url': u'twitter.com/forbes_india/s‚Ä¶'}]","[{u'indices': [3, 15], u'id_str': u'226813577', u'screen_name': u'petelau2007', u'name': u'Pete Lau', u'id': 226813577}]",,,,,,,,,,0,False,low,,1008306126239223814,1008306126239223814,,,,,,True,en,,,,,,,,,,,False,0,,,Mon Jun 11 05:23:56 +0000 2018,"[0, 89]","[{u'indices': [0, 8], u'text': u'OnePlus'}, {u'indices': [17, 23], u'text': u'India'}]","[{u'expanded_url': u'https://twitter.com/forbes_india/status/1006044338013470725/photo/1', u'display_url': u'pic.twitter.com/NacuyaqmsB', u'url': u'https://t.co/NacuyaqmsB', u'media_url_https': u'https://pbs.twimg.com/media/DfYv53PX0AATK3u.jpg', u'id_str': u'1006044237891358720', u'sizes': {u'small': {u'h': 453, u'w': 680, u'resize': u'fit'}, u'large': {u'h': 600, u'w': 900, u'resize': u'fit'}, u'medium': {u'h': 600, u'w': 900, u'resize': u'fit'}, u'thumb': {u'h': 150, u'w': 150, u'resize': u'crop'}}, u'indices': [90, 113], u'type': u'photo', u'id': 1006044237891358720, u'media_url': u'http://pbs.twimg.com/media/DfYv53PX0AATK3u.jpg'}]",[],"[{u'url': u'https://t.co/4nxghjexAT', u'indices': [45, 68], u'expanded_url': u'http://www.forbesindia.com/article/boardroom/oneplus-eyeing-india-as-its-home-market/50421/1', u'display_url': u'forbesindia.com/article/boardr‚Ä¶'}]","[{u'indices': [74, 89], u'id': 868295280, u'id_str': u'868295280', u'name': u'anshul dhamija', u'screen_name': u'anshul_dhamija'}]","[{u'expanded_url': u'https://twitter.com/forbes_india/status/1006044338013470725/photo/1', u'display_url': u'pic.twitter.com/NacuyaqmsB', u'url': u'https://t.co/NacuyaqmsB', u'media_url_https': u'https://pbs.twimg.com/media/DfYv53PX0AATK3u.jpg', u'id_str': u'1006044237891358720', u'sizes': {u'small': {u'h': 453, u'w': 680, u'resize': u'fit'}, u'large': {u'h': 600, u'w': 900, u'resize': u'fit'}, u'medium': {u'h': 600, u'w': 900, u'resize': u'fit'}, u'thumb': {u'h': 150, u'w': 150, u'resize': u'crop'}}, u'indices': [90, 113], u'type': u'photo', u'id': 1006044237891358720, u'media_url': u'http://pbs.twimg.com/media/DfYv53PX0AATK3u.jpg'}]",235.0,False,low,,1.00604433801e+18,1006044338013470725,,,,,,False,en,,False,4.0,5.0,36.0,False,"<a href=""http://twitter.com"" rel=""nofollow"">Twitter Web Client</a>","#OnePlus: Eyeing #India as its 'home' market
https://t.co/4nxghjexAT | By @anshul_dhamija https://t.co/NacuyaqmsB",False,False,Fri Feb 27 23:28:43 +0000 2009,False,False,"Bringing you the best conversations on Indian and international business, in alliance with @Forbes. Run by our journalists. Read more at http://t.co/jSdy7uG6PL",1545.0,,1151864.0,,1247.0,False,22205952.0,22205952,False,en,1646.0,India,Forbes India,,B2DFDA,http://abs.twimg.com/images/themes/theme1/bg.png,https://abs.twimg.com/images/themes/theme1/bg.png,True,https://pbs.twimg.com/profile_banners/22205952/1528430960,http://pbs.twimg.com/profile_images/473352616273915904/6kh6NANH_normal.jpeg,https://pbs.twimg.com/profile_images/473352616273915904/6kh6NANH_normal.jpeg,3B94D9,FFFFFF,DDEEF6,333333,True,False,forbes_india,39839.0,,regular,http://forbesindia.com,,True,1.00604433801e+18,1006044338013470725,twitter.com/forbes_india/s‚Ä¶,https://twitter.com/forbes_india/status/1006044338013470725,https://t.co/AieuNkhsQZ,0,0,False,,,Mon Jun 11 17:26:58 +0000 2018,"[0, 84]",[],,[],"[{u'url': u'https://t.co/AieuNkhsQZ', u'indices': [85, 108], u'expanded_url': u'https://twitter.com/forbes_india/status/1006044338013470725', u'display_url': u'twitter.com/forbes_india/s‚Ä¶'}]",[],,,,,,,,1456.0,False,low,,1.00622629562e+18,1006226295615840257,,,,,,True,en,,False,11.0,,,Mon Jun 11 05:23:56 +0000 2018,"[0, 89]","[{u'indices': [0, 8], u'text': u'OnePlus'}, {u'indices': [17, 23], u'text': u'India'}]","[{u'expanded_url': u'https://twitter.com/forbes_india/status/1006044338013470725/photo/1', u'sizes': {u'small': {u'h': 453, u'resize': u'fit', u'w': 680}, u'large': {u'h': 600, u'resize': u'fit', u'w': 900}, u'medium': {u'h': 600, u'resize': u'fit', u'w': 900}, u'thumb': {u'h': 150, u'resize': u'crop', u'w': 150}}, u'url': u'https://t.co/NacuyaqmsB', u'media_url_https': u'https://pbs.twimg.com/media/DfYv53PX0AATK3u.jpg', u'id_str': u'1006044237891358720', u'indices': [90, 113], u'media_url': u'http://pbs.twimg.com/media/DfYv53PX0AATK3u.jpg', u'type': u'photo', u'id': 1006044237891358720, u'display_url': u'pic.twitter.com/NacuyaqmsB'}]",[],"[{u'url': u'https://t.co/4nxghjexAT', u'indices': [45, 68], u'expanded_url': u'http://www.forbesindia.com/article/boardroom/oneplus-eyeing-india-as-its-home-market/50421/1', u'display_url': u'forbesindia.com/article/boardr‚Ä¶'}]","[{u'indices': [74, 89], u'screen_name': u'anshul_dhamija', u'id': 868295280, u'name': u'anshul dhamija', u'id_str': u'868295280'}]","[{u'expanded_url': u'https://twitter.com/forbes_india/status/1006044338013470725/photo/1', u'sizes': {u'small': {u'h': 453, u'resize': u'fit', u'w': 680}, u'large': {u'h': 600, u'resize': u'fit', u'w': 900}, u'medium': {u'h': 600, u'resize': u'fit', u'w': 900}, u'thumb': {u'h': 150, u'resize': u'crop', u'w': 150}}, u'url': u'https://t.co/NacuyaqmsB', u'media_url_https': u'https://pbs.twimg.com/media/DfYv53PX0AATK3u.jpg', u'id_str': u'1006044237891358720', u'indices': [90, 113], u'media_url': u'http://pbs.twimg.com/media/DfYv53PX0AATK3u.jpg', u'type': u'photo', u'id': 1006044237891358720, u'display_url': u'pic.twitter.com/NacuyaqmsB'}]",235.0,False,low,,1.00604433801e+18,1006044338013470725,,,,,,False,en,,False,4.0,5.0,36.0,False,"<a href=""http://twitter.com"" rel=""nofollow"">Twitter Web Client</a>","#OnePlus: Eyeing #India as its 'home' market
https://t.co/4nxghjexAT | By @anshul_dhamija https://t.co/NacuyaqmsB",False,False,Fri Feb 27 23:28:43 +0000 2009,False,False,"Bringing you the best conversations on Indian and international business, in alliance with @Forbes. Run by our journalists. Read more at http://t.co/jSdy7uG6PL",1545.0,,1151864.0,,1247.0,False,22205952.0,22205952,False,en,1646.0,India,Forbes India,,B2DFDA,http://abs.twimg.com/images/themes/theme1/bg.png,https://abs.twimg.com/images/themes/theme1/bg.png,True,https://pbs.twimg.com/profile_banners/22205952/1528430960,http://pbs.twimg.com/profile_images/473352616273915904/6kh6NANH_normal.jpeg,https://pbs.twimg.com/profile_images/473352616273915904/6kh6NANH_normal.jpeg,3B94D9,FFFFFF,DDEEF6,333333,True,False,forbes_india,39839.0,,regular,http://forbesindia.com,,True,1.00604433801e+18,1006044338013470725,twitter.com/forbes_india/s‚Ä¶,https://twitter.com/forbes_india/status/1006044338013470725,https://t.co/AieuNkhsQZ,63.0,127.0,False,"<a href=""http://twitter.com/download/android"" rel=""nofollow"">Twitter for Android</a>",Incredible India indeed! Excited to build the next chapter of our story together üáÆüá≥üòÅ https://t.co/AieuNkhsQZ,False,False,Wed Dec 15 04:21:11 +0000 2010,True,False,Founder & CEO @OnePlus,203.0,,87200.0,,134.0,False,226813577.0,226813577,False,zh-CN,165.0,,Pete Lau,,C0DEED,http://abs.twimg.com/images/themes/theme1/bg.png,https://abs.twimg.com/images/themes/theme1/bg.png,False,https://pbs.twimg.com/profile_banners/226813577/1526606162,http://pbs.twimg.com/profile_images/1001872245076115457/uR7K8vlI_normal.jpg,https://pbs.twimg.com/profile_images/1001872245076115457/uR7K8vlI_normal.jpg,1DA1F2,C0DEED,DDEEF6,333333,True,False,petelau2007,464.0,,none,http://oneplus.com,,True,"<a href=""http://twitter.com/download/android"" rel=""nofollow"">Twitter for Android</a>",RT @petelau2007: Incredible India indeed! Excited to build the next chapter of our story together üáÆüá≥üòÅ https://t.co/AieuNkhsQZ,1529233888574,False,False,Wed Oct 23 14:44:11 +0000 2013,False,False,"#NeverSettle.
Brand Ambassador @oneplus @OnePlus_IN @xiaomi @XiaomiIndia",10017,,164,,1613,True,2151118554,2151118554,False,en,0,"Mumbai,India",Raj Shah,,C0DEED,http://abs.twimg.com/images/themes/theme1/bg.png,https://abs.twimg.com/images/themes/theme1/bg.png,False,https://pbs.twimg.com/profile_banners/2151118554/1422995465,http://pbs.twimg.com/profile_images/976344463336288256/AdD0WYPk_normal.jpg,https://pbs.twimg.com/profile_images/976344463336288256/AdD0WYPk_normal.jpg,DD2E44,C0DEED,DDEEF6,333333,True,False,rajshah24_12,2077,,none,http://www.iqcube.in,,False
14,,,Sun Jun 17 11:19:41 +0000 2018,"[0, 59]","[{u'indices': [27, 36], u'text': u'OnePlus6'}, {u'indices': [37, 50], u'text': u'speedyouneed'}, {u'indices': [51, 59], u'text': u'OnePlus'}]",,[],"[{u'url': u'https://t.co/zKZ2hr65oX', u'indices': [60, 83], u'expanded_url': u'https://twitter.com/forbes_india/status/1008253658117627904', u'display_url': u'twitter.com/forbes_india/s‚Ä¶'}]",[],,,,,,,,,,0,False,low,,1008308195788402688,1008308195788402688,,,,,,True,en,,,,,,,,,,,False,0,,,Sun Jun 17 07:42:59 +0000 2018,"[0, 0]",[],"[{u'expanded_url': u'https://twitter.com/forbes_india/status/1008253658117627904/photo/1', u'display_url': u'pic.twitter.com/HmeaaOZogl', u'url': u'https://t.co/HmeaaOZogl', u'media_url_https': u'https://pbs.twimg.com/media/Df4JV_dXUAAB0z2.jpg', u'id_str': u'1008253639994068992', u'sizes': {u'large': {u'h': 509, u'w': 384, u'resize': u'fit'}, u'small': {u'h': 509, u'w': 384, u'resize': u'fit'}, u'medium': {u'h': 509, u'w': 384, u'resize': u'fit'}, u'thumb': {u'h': 150, u'w': 150, u'resize': u'crop'}}, u'indices': [0, 23], u'type': u'photo', u'id': 1008253639994068992, u'media_url': u'http://pbs.twimg.com/media/Df4JV_dXUAAB0z2.jpg'}]",[],[],[],"[{u'expanded_url': u'https://twitter.com/forbes_india/status/1008253658117627904/photo/1', u'display_url': u'pic.twitter.com/HmeaaOZogl', u'url': u'https://t.co/HmeaaOZogl', u'media_url_https': u'https://pbs.twimg.com/media/Df4JV_dXUAAB0z2.jpg', u'id_str': u'1008253639994068992', u'sizes': {u'large': {u'h': 509, u'w': 384, u'resize': u'fit'}, u'small': {u'h': 509, u'w': 384, u'resize': u'fit'}, u'medium': {u'h': 509, u'w': 384, u'resize': u'fit'}, u'thumb': {u'h': 150, u'w': 150, u'resize': u'crop'}}, u'indices': [0, 23], u'type': u'photo', u'id': 1008253639994068992, u'media_url': u'http://pbs.twimg.com/media/Df4JV_dXUAAB0z2.jpg'}]",4.0,False,low,,1.00825365812e+18,1008253658117627904,,,,,,False,und,,False,0.0,0.0,0.0,False,"<a href=""http://twitter.com"" rel=""nofollow"">Twitter Web Client</a>",https://t.co/HmeaaOZogl,False,False,Fri Feb 27 23:28:43 +0000 2009,False,False,"Bringing you the best conversations on Indian and international business, in alliance with @Forbes. Run by our journalists. Read more at http://t.co/jSdy7uG6PL",1545.0,,1151872.0,,1247.0,False,22205952.0,22205952,False,en,1648.0,India,Forbes India,,B2DFDA,http://abs.twimg.com/images/themes/theme1/bg.png,https://abs.twimg.com/images/themes/theme1/bg.png,True,https://pbs.twimg.com/profile_banners/22205952/1528430960,http://pbs.twimg.com/profile_images/473352616273915904/6kh6NANH_normal.jpeg,https://pbs.twimg.com/profile_images/473352616273915904/6kh6NANH_normal.jpeg,3B94D9,FFFFFF,DDEEF6,333333,True,False,forbes_india,39839.0,,regular,http://forbesindia.com,,True,1.00825365812e+18,1008253658117627904,twitter.com/forbes_india/s‚Ä¶,https://twitter.com/forbes_india/status/1008253658117627904,https://t.co/zKZ2hr65oX,0,0,False,,,,,,,,,,,,,,,,,,,,,,,,,,,,,,,,,,,,,,,,,,,,,,,,,,,,,,,,,,,,,,,,,,,,,,,,,,,,,,,,,,,,,,,,,,,,,,,,,,,,,,,,,,,,,,,,,,,,,,,,,,,,,,,,,,,,,,,,,,,,,,,,,,,,,,,,,,"<a href=""http://twitter.com/download/android"" rel=""nofollow"">Twitter for Android</a>",And it's on the cover page #OnePlus6 #speedyouneed #OnePlus https://t.co/zKZ2hr65oX,1529234381993,False,False,Tue May 14 06:25:07 +0000 2013,True,False,,14,,26,,60,False,1427141606,1427141606,False,en,0,,KOSHY ZACHARIAH N,,C0DEED,http://abs.twimg.com/images/themes/theme1/bg.png,https://abs.twimg.com/images/themes/theme1/bg.png,False,https://pbs.twimg.com/profile_banners/1427141606/1368515081,http://pbs.twimg.com/profile_images/459994567995973634/9fT6s9cA_normal.jpeg,https://pbs.twimg.com/profile_images/459994567995973634/9fT6s9cA_normal.jpeg,1DA1F2,C0DEED,DDEEF6,333333,True,False,jkzachadr,3,,none,http://www.jkzach.blogspot.in,,False
15,,,Sun Jun 17 11:28:02 +0000 2018,"[9, 140]","[{u'indices': [9, 18], u'text': u'Oneplus6'}, {u'indices': [19, 27], u'text': u'Oneplus'}, {u'indices': [50, 70], u'text': u'AmazonOnePlus6Quize'}, {u'indices': [71, 83], u'text': u'Amazonindia'}]",,[],"[{u'url': u'https://t.co/Uych1BfWtY', u'indices': [117, 140], u'expanded_url': u'https://twitter.com/i/web/status/1008310295830249472', u'display_url': u'twitter.com/i/web/status/1‚Ä¶'}]","[{u'indices': [0, 8], u'id_str': u'2196922086', u'screen_name': u'oneplus', u'name': u'OnePlus', u'id': 2196922086}, {u'indices': [28, 39], u'id_str': u'3138727082', u'screen_name': u'OnePlus_IN', u'name': u'OnePlus India', u'id': 3138727082}, {u'indices': [40, 49], u'id_str': u'1282946089', u'screen_name': u'amazonIN', u'name': u'Amazon.in', u'id': 1282946089}]",,"[9, 181]","[{u'indices': [9, 18], u'text': u'Oneplus6'}, {u'indices': [19, 27], u'text': u'Oneplus'}, {u'indices': [50, 70], u'text': u'AmazonOnePlus6Quize'}, {u'indices': [71, 83], u'text': u'Amazonindia'}]",,[],[],"[{u'indices': [0, 8], u'id': 2196922086, u'id_str': u'2196922086', u'name': u'OnePlus', u'screen_name': u'oneplus'}, {u'indices': [28, 39], u'id': 3138727082, u'id_str': u'3138727082', u'name': u'OnePlus India', u'screen_name': u'OnePlus_IN'}, {u'indices': [40, 49], u'id': 1282946089, u'id_str': u'1282946089', u'name': u'Amazon.in', u'screen_name': u'amazonIN'}]",,"@oneplus #Oneplus6 #Oneplus @OnePlus_IN @amazonIN #AmazonOnePlus6Quize #Amazonindia
I'm loving my OnePlus smartphone. Get ‚Çπ1000 towards accessories when you buy a smartphone through",0,False,low,,1008310295830249472,1008310295830249472,oneplus,996804976059015169,996804976059015169,2196922086,2196922086,False,en,,,,,,,,,,,,0,,,,,,,,,,,,,,,,,,,,,,,,,,,,,,,,,,,,,,,,,,,,,,,,,,,,,,,,,,,,,,,,,,,,,,,,,,,,,0,0,False,,,,,,,,,,,,,,,,,,,,,,,,,,,,,,,,,,,,,,,,,,,,,,,,,,,,,,,,,,,,,,,,,,,,,,,,,,,,,,,,,,,,,,,,,,,,,,,,,,,,,,,,,,,,,,,,,,,,,,,,,,,,,,,,,,,,,,,,,,,,,,,,,,,,,,,,,,"<a href=""https://mobile.twitter.com"" rel=""nofollow"">Twitter Lite</a>","@oneplus #Oneplus6 #Oneplus @OnePlus_IN @amazonIN #AmazonOnePlus6Quize #Amazonindia
I'm loving my OnePlus smartphon‚Ä¶ https://t.co/Uych1BfWtY",1529234882682,True,False,Thu Mar 16 02:42:54 +0000 2017,True,False,,2911,,21,,90,False,842204496692449281,842204496692449281,False,en,0,,Varun,,F5F8FA,,,False,,http://pbs.twimg.com/profile_images/988463993659387904/Twe42e50_normal.jpg,https://pbs.twimg.com/profile_images/988463993659387904/Twe42e50_normal.jpg,1DA1F2,C0DEED,DDEEF6,333333,True,False,Drvarunyadav90,1467,,none,,,False
16,,,Sun Jun 17 11:31:40 +0000 2018,"[12, 140]","[{u'indices': [97, 105], u'text': u'OnePlus'}]",,[],"[{u'url': u'https://t.co/P73Tjis4kz', u'indices': [73, 96], u'expanded_url': u'https://www.oneplus.com/dk/invite#BI4JN7WFV8ZGAV', u'display_url': u'oneplus.com/dk/invite#BI4J‚Ä¶'}, {u'url': u'https://t.co/Uxj15vkcvs', u'indices': [107, 130], u'expanded_url': u'https://twitter.com/i/web/status/1008311208074711040', u'display_url': u'twitter.com/i/web/status/1‚Ä¶'}]","[{u'indices': [0, 11], u'id_str': u'4211347984', u'screen_name': u'OnePlus_DE', u'name': u'OnePlus Deutschland', u'id': 4211347984}]",,"[12, 286]","[{u'indices': [97, 105], u'text': u'OnePlus'}, {u'indices': [107, 116], u'text': u'OnePlus6'}, {u'indices': [118, 128], u'text': u'OnePlus5T'}, {u'indices': [129, 138], u'text': u'OnePlus5'}, {u'indices': [139, 148], u'text': u'OnePlus3'}, {u'indices': [149, 159], u'text': u'OnePlus3t'}, {u'indices': [160, 169], u'text': u'OnePlus2'}, {u'indices': [170, 179], u'text': u'Referral'}, {u'indices': [180, 196], u'text': u'OneplusReferral'}, {u'indices': [197, 207], u'text': u'OneplusUK'}, {u'indices': [208, 221], u'text': u'OneplusIndia'}, {u'indices': [222, 235], u'text': u'OneplusItali'}, {u'indices': [236, 251], u'text': u'OneplusSupport'}, {u'indices': [252, 260], u'text': u'GetPeid'}, {u'indices': [261, 277], u'text': u'TheSpeedYouNeed'}, {u'indices': [278, 286], u'text': u'CarlPei'}]",,[],"[{u'url': u'https://t.co/P73Tjis4kz', u'indices': [73, 96], u'expanded_url': u'https://www.oneplus.com/dk/invite#BI4JN7WFV8ZGAV', u'display_url': u'oneplus.com/dk/invite#BI4J‚Ä¶'}]","[{u'indices': [0, 11], u'id': 4211347984, u'id_str': u'4211347984', u'name': u'OnePlus Deutschland', u'screen_name': u'OnePlus_DE'}]",,"@OnePlus_DE Get 20$ off accessories when you purchase new oneplus 6 üòçüòçüî•üî•
https://t.co/P73Tjis4kz
#OnePlus 
#OnePlus6  #OnePlus5T
#OnePlus5 #OnePlus3
#OnePlus3t #OnePlus2
#Referral #OneplusReferral
#OneplusUK #OneplusIndia
#OneplusItali #OneplusSupport
#GetPeid #TheSpeedYouNeed #CarlPei",0,False,low,,1008311208074711040,1008311208074711040,OnePlus_DE,1008288156481925120,1008288156481925120,4211347984,4211347984,False,en,,,,,,,,,,,False,0,,,,,,,,,,,,,,,,,,,,,,,,,,,,,,,,,,,,,,,,,,,,,,,,,,,,,,,,,,,,,,,,,,,,,,,,,,,,,0,0,False,,,,,,,,,,,,,,,,,,,,,,,,,,,,,,,,,,,,,,,,,,,,,,,,,,,,,,,,,,,,,,,,,,,,,,,,,,,,,,,,,,,,,,,,,,,,,,,,,,,,,,,,,,,,,,,,,,,,,,,,,,,,,,,,,,,,,,,,,,,,,,,,,,,,,,,,,,"<a href=""http://twitter.com/download/android"" rel=""nofollow"">Twitter for Android</a>","@OnePlus_DE Get 20$ off accessories when you purchase new oneplus 6 üòçüòçüî•üî•
https://t.co/P73Tjis4kz
#OnePlus‚Ä¶ https://t.co/Uxj15vkcvs",1529235100178,True,False,Sat Mar 11 16:44:47 +0000 2017,True,False,Get 20$/‚Ç¨/¬£ off accessories when you purchase the new oneplus 6 üòçüòçhttp://oneplus.com/dk/invite#BI4JgVrD‚Ä¶,32,,0,,23,False,840604424259145728,840604424259145728,False,da,0,,Vitus SOERENSEN,,F5F8FA,,,False,,http://abs.twimg.com/sticky/default_profile_images/default_profile_normal.png,https://abs.twimg.com/sticky/default_profile_images/default_profile_normal.png,1DA1F2,C0DEED,DDEEF6,333333,True,False,VitusBirkS,2214,,none,https://www.oneplus.com/dk/invite#BI4JN7WFV8ZGAV,,False
17,,,Sun Jun 17 11:31:44 +0000 2018,"[12, 140]","[{u'indices': [12, 21], u'text': u'Oneplus6'}, {u'indices': [22, 30], u'text': u'Oneplus'}, {u'indices': [53, 73], u'text': u'AmazonOnePlus6Quize'}, {u'indices': [74, 86], u'text': u'Amazonindia'}]",,[],"[{u'url': u'https://t.co/yP8uJfr8VC', u'indices': [117, 140], u'expanded_url': u'https://twitter.com/i/web/status/1008311227540357120', u'display_url': u'twitter.com/i/web/status/1‚Ä¶'}]","[{u'indices': [0, 11], u'id_str': u'3138727082', u'screen_name': u'OnePlus_IN', u'name': u'OnePlus India', u'id': 3138727082}, {u'indices': [31, 42], u'id_str': u'3138727082', u'screen_name': u'OnePlus_IN', u'name': u'OnePlus India', u'id': 3138727082}, {u'indices': [43, 52], u'id_str': u'1282946089', u'screen_name': u'amazonIN', u'name': u'Amazon.in', u'id': 1282946089}]",,"[12, 208]","[{u'indices': [12, 21], u'text': u'Oneplus6'}, {u'indices': [22, 30], u'text': u'Oneplus'}, {u'indices': [53, 73], u'text': u'AmazonOnePlus6Quize'}, {u'indices': [74, 86], u'text': u'Amazonindia'}]",,[],"[{u'url': u'https://t.co/pqiYFTunV4', u'indices': [185, 208], u'expanded_url': u'https://www.oneplus.in/invite#HV5PFVUHQVMXMG4', u'display_url': u'oneplus.in/invite#HV5PFVU‚Ä¶'}]","[{u'indices': [0, 11], u'id': 3138727082, u'id_str': u'3138727082', u'name': u'OnePlus India', u'screen_name': u'OnePlus_IN'}, {u'indices': [31, 42], u'id': 3138727082, u'id_str': u'3138727082', u'name': u'OnePlus India', u'screen_name': u'OnePlus_IN'}, {u'indices': [43, 52], u'id': 1282946089, u'id_str': u'1282946089', u'name': u'Amazon.in', u'screen_name': u'amazonIN'}]",,"@OnePlus_IN #Oneplus6 #Oneplus @OnePlus_IN @amazonIN #AmazonOnePlus6Quize #Amazonindia
I'm loving my OnePlus smartphone. Get¬†‚Çπ1000 towards accessories when you buy a smartphone through https://t.co/pqiYFTunV4",0,False,low,,1008311227540357120,1008311227540357120,OnePlus_IN,1008236283439689733,1008236283439689733,3138727082,3138727082,False,en,,,,,,,,,,,False,0,,,,,,,,,,,,,,,,,,,,,,,,,,,,,,,,,,,,,,,,,,,,,,,,,,,,,,,,,,,,,,,,,,,,,,,,,,,,,0,0,False,,,,,,,,,,,,,,,,,,,,,,,,,,,,,,,,,,,,,,,,,,,,,,,,,,,,,,,,,,,,,,,,,,,,,,,,,,,,,,,,,,,,,,,,,,,,,,,,,,,,,,,,,,,,,,,,,,,,,,,,,,,,,,,,,,,,,,,,,,,,,,,,,,,,,,,,,,"<a href=""http://twitter.com/download/android"" rel=""nofollow"">Twitter for Android</a>","@OnePlus_IN #Oneplus6 #Oneplus @OnePlus_IN @amazonIN #AmazonOnePlus6Quize #Amazonindia
I'm loving my OnePlus smartp‚Ä¶ https://t.co/yP8uJfr8VC",1529235104819,True,False,Thu Mar 16 02:42:54 +0000 2017,True,False,,2911,,21,,90,False,842204496692449281,842204496692449281,False,en,0,,Varun,,F5F8FA,,,False,,http://pbs.twimg.com/profile_images/988463993659387904/Twe42e50_normal.jpg,https://pbs.twimg.com/profile_images/988463993659387904/Twe42e50_normal.jpg,1DA1F2,C0DEED,DDEEF6,333333,True,False,Drvarunyadav90,1467,,none,,,False
18,,,Sun Jun 17 11:31:51 +0000 2018,"[13, 140]","[{u'indices': [98, 106], u'text': u'OnePlus'}]",,[],"[{u'url': u'https://t.co/P73Tjis4kz', u'indices': [74, 97], u'expanded_url': u'https://www.oneplus.com/dk/invite#BI4JN7WFV8ZGAV', u'display_url': u'oneplus.com/dk/invite#BI4J‚Ä¶'}, {u'url': u'https://t.co/dv5D5j0gPj', u'indices': [108, 131], u'expanded_url': u'https://twitter.com/i/web/status/1008311257471094784', u'display_url': u'twitter.com/i/web/status/1‚Ä¶'}]","[{u'indices': [0, 12], u'id_str': u'728619968531730433', u'screen_name': u'OnePlus_ITA', u'name': u'OnePlus Italia', u'id': 728619968531730433}]",,"[13, 287]","[{u'indices': [98, 106], u'text': u'OnePlus'}, {u'indices': [108, 117], u'text': u'OnePlus6'}, {u'indices': [119, 129], u'text': u'OnePlus5T'}, {u'indices': [130, 139], u'text': u'OnePlus5'}, {u'indices': [140, 149], u'text': u'OnePlus3'}, {u'indices': [150, 160], u'text': u'OnePlus3t'}, {u'indices': [161, 170], u'text': u'OnePlus2'}, {u'indices': [171, 180], u'text': u'Referral'}, {u'indices': [181, 197], u'text': u'OneplusReferral'}, {u'indices': [198, 208], u'text': u'OneplusUK'}, {u'indices': [209, 222], u'text': u'OneplusIndia'}, {u'indices': [223, 236], u'text': u'OneplusItali'}, {u'indices': [237, 252], u'text': u'OneplusSupport'}, {u'indices': [253, 261], u'text': u'GetPeid'}, {u'indices': [262, 278], u'text': u'TheSpeedYouNeed'}, {u'indices': [279, 287], u'text': u'CarlPei'}]",,[],"[{u'url': u'https://t.co/P73Tjis4kz', u'indices': [74, 97], u'expanded_url': u'https://www.oneplus.com/dk/invite#BI4JN7WFV8ZGAV', u'display_url': u'oneplus.com/dk/invite#BI4J‚Ä¶'}]","[{u'indices': [0, 12], u'id': 728619968531730433, u'id_str': u'728619968531730433', u'name': u'OnePlus Italia', u'screen_name': u'OnePlus_ITA'}]",,"@OnePlus_ITA Get 20$ off accessories when you purchase new oneplus 6 üòçüòçüî•üî•
https://t.co/P73Tjis4kz
#OnePlus 
#OnePlus6  #OnePlus5T
#OnePlus5 #OnePlus3
#OnePlus3t #OnePlus2
#Referral #OneplusReferral
#OneplusUK #OneplusIndia
#OneplusItali #OneplusSupport
#GetPeid #TheSpeedYouNeed #CarlPei",0,False,low,,1008311257471094784,1008311257471094784,OnePlus_ITA,1008303286963920896,1008303286963920896,728619968531730433,728619968531730433,False,en,,,,,,,,,,,False,0,,,,,,,,,,,,,,,,,,,,,,,,,,,,,,,,,,,,,,,,,,,,,,,,,,,,,,,,,,,,,,,,,,,,,,,,,,,,,0,0,False,,,,,,,,,,,,,,,,,,,,,,,,,,,,,,,,,,,,,,,,,,,,,,,,,,,,,,,,,,,,,,,,,,,,,,,,,,,,,,,,,,,,,,,,,,,,,,,,,,,,,,,,,,,,,,,,,,,,,,,,,,,,,,,,,,,,,,,,,,,,,,,,,,,,,,,,,,"<a href=""http://twitter.com/download/android"" rel=""nofollow"">Twitter for Android</a>","@OnePlus_ITA Get 20$ off accessories when you purchase new oneplus 6 üòçüòçüî•üî•
https://t.co/P73Tjis4kz
#OnePlus‚Ä¶ https://t.co/dv5D5j0gPj",1529235111955,True,False,Sat Mar 11 16:44:47 +0000 2017,True,False,Get 20$/‚Ç¨/¬£ off accessories when you purchase the new oneplus 6 üòçüòçhttp://oneplus.com/dk/invite#BI4JgVrD‚Ä¶,32,,0,,23,False,840604424259145728,840604424259145728,False,da,0,,Vitus SOERENSEN,,F5F8FA,,,False,,http://abs.twimg.com/sticky/default_profile_images/default_profile_normal.png,https://abs.twimg.com/sticky/default_profile_images/default_profile_normal.png,1DA1F2,C0DEED,DDEEF6,333333,True,False,VitusBirkS,2215,,none,https://www.oneplus.com/dk/invite#BI4JN7WFV8ZGAV,,False
19,,,Sun Jun 17 11:31:54 +0000 2018,"[12, 140]","[{u'indices': [12, 21], u'text': u'Oneplus6'}, {u'indices': [22, 30], u'text': u'Oneplus'}, {u'indices': [53, 73], u'text': u'AmazonOnePlus6Quize'}, {u'indices': [74, 86], u'text': u'Amazonindia'}]",,[],"[{u'url': u'https://t.co/tEDAsCKsED', u'indices': [117, 140], u'expanded_url': u'https://twitter.com/i/web/status/1008311267856007168', u'display_url': u'twitter.com/i/web/status/1‚Ä¶'}]","[{u'indices': [0, 11], u'id_str': u'3138727082', u'screen_name': u'OnePlus_IN', u'name': u'OnePlus India', u'id': 3138727082}, {u'indices': [31, 42], u'id_str': u'3138727082', u'screen_name': u'OnePlus_IN', u'name': u'OnePlus India', u'id': 3138727082}, {u'indices': [43, 52], u'id_str': u'1282946089', u'screen_name': u'amazonIN', u'name': u'Amazon.in', u'id': 1282946089}]",,"[12, 208]","[{u'indices': [12, 21], u'text': u'Oneplus6'}, {u'indices': [22, 30], u'text': u'Oneplus'}, {u'indices': [53, 73], u'text': u'AmazonOnePlus6Quize'}, {u'indices': [74, 86], u'text': u'Amazonindia'}]",,[],"[{u'url': u'https://t.co/pqiYFTunV4', u'indices': [185, 208], u'expanded_url': u'https://www.oneplus.in/invite#HV5PFVUHQVMXMG4', u'display_url': u'oneplus.in/invite#HV5PFVU‚Ä¶'}]","[{u'indices': [0, 11], u'id': 3138727082, u'id_str': u'3138727082', u'name': u'OnePlus India', u'screen_name': u'OnePlus_IN'}, {u'indices': [31, 42], u'id': 3138727082, u'id_str': u'3138727082', u'name': u'OnePlus India', u'screen_name': u'OnePlus_IN'}, {u'indices': [43, 52], u'id': 1282946089, u'id_str': u'1282946089', u'name': u'Amazon.in', u'screen_name': u'amazonIN'}]",,"@OnePlus_IN #Oneplus6 #Oneplus @OnePlus_IN @amazonIN #AmazonOnePlus6Quize #Amazonindia
I'm loving my OnePlus smartphone. Get¬†‚Çπ1000 towards accessories when you buy a smartphone through https://t.co/pqiYFTunV4",0,False,low,,1008311267856007168,1008311267856007168,OnePlus_IN,1007950535142469632,1007950535142469632,3138727082,3138727082,False,en,,,,,,,,,,,False,0,,,,,,,,,,,,,,,,,,,,,,,,,,,,,,,,,,,,,,,,,,,,,,,,,,,,,,,,,,,,,,,,,,,,,,,,,,,,,0,0,False,,,,,,,,,,,,,,,,,,,,,,,,,,,,,,,,,,,,,,,,,,,,,,,,,,,,,,,,,,,,,,,,,,,,,,,,,,,,,,,,,,,,,,,,,,,,,,,,,,,,,,,,,,,,,,,,,,,,,,,,,,,,,,,,,,,,,,,,,,,,,,,,,,,,,,,,,,"<a href=""http://twitter.com/download/android"" rel=""nofollow"">Twitter for Android</a>","@OnePlus_IN #Oneplus6 #Oneplus @OnePlus_IN @amazonIN #AmazonOnePlus6Quize #Amazonindia
I'm loving my OnePlus smartp‚Ä¶ https://t.co/tEDAsCKsED",1529235114431,True,False,Thu Mar 16 02:42:54 +0000 2017,True,False,,2911,,21,,90,False,842204496692449281,842204496692449281,False,en,0,,Varun,,F5F8FA,,,False,,http://pbs.twimg.com/profile_images/988463993659387904/Twe42e50_normal.jpg,https://pbs.twimg.com/profile_images/988463993659387904/Twe42e50_normal.jpg,1DA1F2,C0DEED,DDEEF6,333333,True,False,Drvarunyadav90,1468,,none,,,False
20,,,Sun Jun 17 11:31:58 +0000 2018,"[16, 140]","[{u'indices': [101, 109], u'text': u'OnePlus'}]",,[],"[{u'url': u'https://t.co/P73Tjis4kz', u'indices': [77, 100], u'expanded_url': u'https://www.oneplus.com/dk/invite#BI4JN7WFV8ZGAV', u'display_url': u'oneplus.com/dk/invite#BI4J‚Ä¶'}, {u'url': u'https://t.co/1w4Zuk9yND', u'indices': [111, 134], u'expanded_url': u'https://twitter.com/i/web/status/1008311286168420352', u'display_url': u'twitter.com/i/web/status/1‚Ä¶'}]","[{u'indices': [0, 11], u'id_str': u'4850675079', u'screen_name': u'OnePlus_UK', u'name': u'OnePlus UK', u'id': 4850675079}, {u'indices': [12, 15], u'id_str': u'15133627', u'screen_name': u'O2', u'name': u'O2 in the UK', u'id': 15133627}]",,"[16, 290]","[{u'indices': [101, 109], u'text': u'OnePlus'}, {u'indices': [111, 120], u'text': u'OnePlus6'}, {u'indices': [122, 132], u'text': u'OnePlus5T'}, {u'indices': [133, 142], u'text': u'OnePlus5'}, {u'indices': [143, 152], u'text': u'OnePlus3'}, {u'indices': [153, 163], u'text': u'OnePlus3t'}, {u'indices': [164, 173], u'text': u'OnePlus2'}, {u'indices': [174, 183], u'text': u'Referral'}, {u'indices': [184, 200], u'text': u'OneplusReferral'}, {u'indices': [201, 211], u'text': u'OneplusUK'}, {u'indices': [212, 225], u'text': u'OneplusIndia'}, {u'indices': [226, 239], u'text': u'OneplusItali'}, {u'indices': [240, 255], u'text': u'OneplusSupport'}, {u'indices': [256, 264], u'text': u'GetPeid'}, {u'indices': [265, 281], u'text': u'TheSpeedYouNeed'}, {u'indices': [282, 290], u'text': u'CarlPei'}]",,[],"[{u'url': u'https://t.co/P73Tjis4kz', u'indices': [77, 100], u'expanded_url': u'https://www.oneplus.com/dk/invite#BI4JN7WFV8ZGAV', u'display_url': u'oneplus.com/dk/invite#BI4J‚Ä¶'}]","[{u'indices': [0, 11], u'id': 4850675079, u'id_str': u'4850675079', u'name': u'OnePlus UK', u'screen_name': u'OnePlus_UK'}, {u'indices': [12, 15], u'id': 15133627, u'id_str': u'15133627', u'name': u'O2 in the UK', u'screen_name': u'O2'}]",,"@OnePlus_UK @O2 Get 20$ off accessories when you purchase new oneplus 6 üòçüòçüî•üî•
https://t.co/P73Tjis4kz
#OnePlus 
#OnePlus6  #OnePlus5T
#OnePlus5 #OnePlus3
#OnePlus3t #OnePlus2
#Referral #OneplusReferral
#OneplusUK #OneplusIndia
#OneplusItali #OneplusSupport
#GetPeid #TheSpeedYouNeed #CarlPei",0,False,low,,1008311286168420352,1008311286168420352,OnePlus_UK,1008303419579387905,1008303419579387905,4850675079,4850675079,False,en,,,,,,,,,,,False,0,,,,,,,,,,,,,,,,,,,,,,,,,,,,,,,,,,,,,,,,,,,,,,,,,,,,,,,,,,,,,,,,,,,,,,,,,,,,,0,0,False,,,,,,,,,,,,,,,,,,,,,,,,,,,,,,,,,,,,,,,,,,,,,,,,,,,,,,,,,,,,,,,,,,,,,,,,,,,,,,,,,,,,,,,,,,,,,,,,,,,,,,,,,,,,,,,,,,,,,,,,,,,,,,,,,,,,,,,,,,,,,,,,,,,,,,,,,,"<a href=""http://twitter.com/download/android"" rel=""nofollow"">Twitter for Android</a>","@OnePlus_UK @O2 Get 20$ off accessories when you purchase new oneplus 6 üòçüòçüî•üî•
https://t.co/P73Tjis4kz
#OnePlus‚Ä¶ https://t.co/1w4Zuk9yND",1529235118797,True,False,Sat Mar 11 16:44:47 +0000 2017,True,False,Get 20$/‚Ç¨/¬£ off accessories when you purchase the new oneplus 6 üòçüòçhttp://oneplus.com/dk/invite#BI4JgVrD‚Ä¶,32,,0,,23,False,840604424259145728,840604424259145728,False,da,0,,Vitus SOERENSEN,,F5F8FA,,,False,,http://abs.twimg.com/sticky/default_profile_images/default_profile_normal.png,https://abs.twimg.com/sticky/default_profile_images/default_profile_normal.png,1DA1F2,C0DEED,DDEEF6,333333,True,False,VitusBirkS,2216,,none,https://www.oneplus.com/dk/invite#BI4JN7WFV8ZGAV,,False
21,,,Sun Jun 17 11:32:09 +0000 2018,"[22, 140]","[{u'indices': [22, 31], u'text': u'Oneplus6'}, {u'indices': [32, 40], u'text': u'Oneplus'}, {u'indices': [63, 83], u'text': u'AmazonOnePlus6Quize'}, {u'indices': [84, 96], u'text': u'Amazonindia'}]",,[],"[{u'url': u'https://t.co/pfM7BGaE4n', u'indices': [117, 140], u'expanded_url': u'https://twitter.com/i/web/status/1008311331026452480', u'display_url': u'twitter.com/i/web/status/1‚Ä¶'}]","[{u'indices': [0, 11], u'id_str': u'3138727082', u'screen_name': u'OnePlus_IN', u'name': u'OnePlus India', u'id': 3138727082}, {u'indices': [12, 21], u'id_str': u'1282946089', u'screen_name': u'amazonIN', u'name': u'Amazon.in', u'id': 1282946089}, {u'indices': [41, 52], u'id_str': u'3138727082', u'screen_name': u'OnePlus_IN', u'name': u'OnePlus India', u'id': 3138727082}, {u'indices': [53, 62], u'id_str': u'1282946089', u'screen_name': u'amazonIN', u'name': u'Amazon.in', u'id': 1282946089}]",,"[22, 218]","[{u'indices': [22, 31], u'text': u'Oneplus6'}, {u'indices': [32, 40], u'text': u'Oneplus'}, {u'indices': [63, 83], u'text': u'AmazonOnePlus6Quize'}, {u'indices': [84, 96], u'text': u'Amazonindia'}]",,[],"[{u'url': u'https://t.co/pqiYFTunV4', u'indices': [195, 218], u'expanded_url': u'https://www.oneplus.in/invite#HV5PFVUHQVMXMG4', u'display_url': u'oneplus.in/invite#HV5PFVU‚Ä¶'}]","[{u'indices': [0, 11], u'id': 3138727082, u'id_str': u'3138727082', u'name': u'OnePlus India', u'screen_name': u'OnePlus_IN'}, {u'indices': [12, 21], u'id': 1282946089, u'id_str': u'1282946089', u'name': u'Amazon.in', u'screen_name': u'amazonIN'}, {u'indices': [41, 52], u'id': 3138727082, u'id_str': u'3138727082', u'name': u'OnePlus India', u'screen_name': u'OnePlus_IN'}, {u'indices': [53, 62], u'id': 1282946089, u'id_str': u'1282946089', u'name': u'Amazon.in', u'screen_name': u'amazonIN'}]",,"@OnePlus_IN @amazonIN #Oneplus6 #Oneplus @OnePlus_IN @amazonIN #AmazonOnePlus6Quize #Amazonindia
I'm loving my OnePlus smartphone. Get¬†‚Çπ1000 towards accessories when you buy a smartphone through https://t.co/pqiYFTunV4",0,False,low,,1008311331026452480,1008311331026452480,OnePlus_IN,1007574207205552130,1007574207205552130,3138727082,3138727082,False,en,,,,,,,,,,,False,0,,,,,,,,,,,,,,,,,,,,,,,,,,,,,,,,,,,,,,,,,,,,,,,,,,,,,,,,,,,,,,,,,,,,,,,,,,,,,0,0,False,,,,,,,,,,,,,,,,,,,,,,,,,,,,,,,,,,,,,,,,,,,,,,,,,,,,,,,,,,,,,,,,,,,,,,,,,,,,,,,,,,,,,,,,,,,,,,,,,,,,,,,,,,,,,,,,,,,,,,,,,,,,,,,,,,,,,,,,,,,,,,,,,,,,,,,,,,"<a href=""http://twitter.com/download/android"" rel=""nofollow"">Twitter for Android</a>","@OnePlus_IN @amazonIN #Oneplus6 #Oneplus @OnePlus_IN @amazonIN #AmazonOnePlus6Quize #Amazonindia
I'm loving my OneP‚Ä¶ https://t.co/pfM7BGaE4n",1529235129492,True,False,Thu Mar 16 02:42:54 +0000 2017,True,False,,2911,,21,,90,False,842204496692449281,842204496692449281,False,en,0,,Varun,,F5F8FA,,,False,,http://pbs.twimg.com/profile_images/988463993659387904/Twe42e50_normal.jpg,https://pbs.twimg.com/profile_images/988463993659387904/Twe42e50_normal.jpg,1DA1F2,C0DEED,DDEEF6,333333,True,False,Drvarunyadav90,1469,,none,,,False
22,,,Sun Jun 17 11:38:30 +0000 2018,"[8, 140]","[{u'indices': [8, 17], u'text': u'Oneplus6'}, {u'indices': [18, 26], u'text': u'Oneplus'}, {u'indices': [49, 69], u'text': u'AmazonOnePlus6Quize'}, {u'indices': [70, 82], u'text': u'Amazonindia'}]",,[],"[{u'url': u'https://t.co/FDwzmUhPil', u'indices': [117, 140], u'expanded_url': u'https://twitter.com/i/web/status/1008312927638568961', u'display_url': u'twitter.com/i/web/status/1‚Ä¶'}]","[{u'indices': [0, 7], u'id_str': u'89443197', u'screen_name': u'myntra', u'name': u'Myntra', u'id': 89443197}, {u'indices': [27, 38], u'id_str': u'3138727082', u'screen_name': u'OnePlus_IN', u'name': u'OnePlus India', u'id': 3138727082}, {u'indices': [39, 48], u'id_str': u'1282946089', u'screen_name': u'amazonIN', u'name': u'Amazon.in', u'id': 1282946089}]",,"[8, 204]","[{u'indices': [8, 17], u'text': u'Oneplus6'}, {u'indices': [18, 26], u'text': u'Oneplus'}, {u'indices': [49, 69], u'text': u'AmazonOnePlus6Quize'}, {u'indices': [70, 82], u'text': u'Amazonindia'}]",,[],"[{u'url': u'https://t.co/pqiYFTunV4', u'indices': [181, 204], u'expanded_url': u'https://www.oneplus.in/invite#HV5PFVUHQVMXMG4', u'display_url': u'oneplus.in/invite#HV5PFVU‚Ä¶'}]","[{u'indices': [0, 7], u'id': 89443197, u'id_str': u'89443197', u'name': u'Myntra', u'screen_name': u'myntra'}, {u'indices': [27, 38], u'id': 3138727082, u'id_str': u'3138727082', u'name': u'OnePlus India', u'screen_name': u'OnePlus_IN'}, {u'indices': [39, 48], u'id': 1282946089, u'id_str': u'1282946089', u'name': u'Amazon.in', u'screen_name': u'amazonIN'}]",,"@myntra #Oneplus6 #Oneplus @OnePlus_IN @amazonIN #AmazonOnePlus6Quize #Amazonindia
I'm loving my OnePlus smartphone. Get¬†‚Çπ1000 towards accessories when you buy a smartphone through https://t.co/pqiYFTunV4",0,False,low,,1008312927638568961,1008312927638568961,myntra,1008288179949113344,1008288179949113344,89443197,89443197,False,en,,,,,,,,,,,False,0,,,,,,,,,,,,,,,,,,,,,,,,,,,,,,,,,,,,,,,,,,,,,,,,,,,,,,,,,,,,,,,,,,,,,,,,,,,,,0,0,False,,,,,,,,,,,,,,,,,,,,,,,,,,,,,,,,,,,,,,,,,,,,,,,,,,,,,,,,,,,,,,,,,,,,,,,,,,,,,,,,,,,,,,,,,,,,,,,,,,,,,,,,,,,,,,,,,,,,,,,,,,,,,,,,,,,,,,,,,,,,,,,,,,,,,,,,,,"<a href=""http://twitter.com/download/android"" rel=""nofollow"">Twitter for Android</a>","@myntra #Oneplus6 #Oneplus @OnePlus_IN @amazonIN #AmazonOnePlus6Quize #Amazonindia
I'm loving my OnePlus smartphone‚Ä¶ https://t.co/FDwzmUhPil",1529235510154,True,False,Thu Mar 16 02:42:54 +0000 2017,True,False,,2911,,21,,90,False,842204496692449281,842204496692449281,False,en,0,,Varun,,F5F8FA,,,False,,http://pbs.twimg.com/profile_images/988463993659387904/Twe42e50_normal.jpg,https://pbs.twimg.com/profile_images/988463993659387904/Twe42e50_normal.jpg,1DA1F2,C0DEED,DDEEF6,333333,True,False,Drvarunyadav90,1471,,none,,,False
23,,,Sun Jun 17 11:38:42 +0000 2018,"[86, 140]","[{u'indices': [86, 95], u'text': u'Oneplus6'}, {u'indices': [96, 104], u'text': u'Oneplus'}]",,[],"[{u'url': u'https://t.co/4t4irLV8WG', u'indices': [106, 129], u'expanded_url': u'https://twitter.com/i/web/status/1008312979484389381', u'display_url': u'twitter.com/i/web/status/1‚Ä¶'}]","[{u'indices': [0, 15], u'id_str': u'24395579', u'screen_name': u'phoneradarblog', u'name': u'PhoneRadar', u'id': 24395579}, {u'indices': [16, 21], u'id_str': u'960653964', u'screen_name': u'oppo', u'name': u'OPPO', u'id': 960653964}, {u'indices': [22, 32], u'id_str': u'3119852399', u'screen_name': u'projectfi', u'name': u'Project Fi', u'id': 3119852399}, {u'indices': [33, 42], u'id_str': u'1038758546', u'screen_name': u'MediaTek', u'name': u'MediaTek', u'id': 1038758546}, {u'indices': [43, 55], u'id_str': u'1450593878', u'screen_name': u'ACTFibernet', u'name': u'ACT Fibernet', u'id': 1450593878}, {u'indices': [56, 63], u'id_str': u'15324722', u'screen_name': u'Garmin', u'name': u'Garmin', u'id': 15324722}, {u'indices': [64, 72], u'id_str': u'2196922086', u'screen_name': u'oneplus', u'name': u'OnePlus', u'id': 2196922086}, {u'indices': [73, 85], u'id_str': u'2646263522', u'screen_name': u'XiaomiIndia', u'name': u'Mi India', u'id': 2646263522}]",,"[86, 282]","[{u'indices': [86, 95], u'text': u'Oneplus6'}, {u'indices': [96, 104], u'text': u'Oneplus'}, {u'indices': [127, 147], u'text': u'AmazonOnePlus6Quize'}, {u'indices': [148, 160], u'text': u'Amazonindia'}]",,[],"[{u'url': u'https://t.co/pqiYFTunV4', u'indices': [259, 282], u'expanded_url': u'https://www.oneplus.in/invite#HV5PFVUHQVMXMG4', u'display_url': u'oneplus.in/invite#HV5PFVU‚Ä¶'}]","[{u'indices': [0, 15], u'id': 24395579, u'id_str': u'24395579', u'name': u'PhoneRadar', u'screen_name': u'phoneradarblog'}, {u'indices': [16, 21], u'id': 960653964, u'id_str': u'960653964', u'name': u'OPPO', u'screen_name': u'oppo'}, {u'indices': [22, 32], u'id': 3119852399, u'id_str': u'3119852399', u'name': u'Project Fi', u'screen_name': u'projectfi'}, {u'indices': [33, 42], u'id': 1038758546, u'id_str': u'1038758546', u'name': u'MediaTek', u'screen_name': u'MediaTek'}, {u'indices': [43, 55], u'id': 1450593878, u'id_str': u'1450593878', u'name': u'ACT Fibernet', u'screen_name': u'ACTFibernet'}, {u'indices': [56, 63], u'id': 15324722, u'id_str': u'15324722', u'name': u'Garmin', u'screen_name': u'Garmin'}, {u'indices': [64, 72], u'id': 2196922086, u'id_str': u'2196922086', u'name': u'OnePlus', u'screen_name': u'oneplus'}, {u'indices': [73, 85], u'id': 2646263522, u'id_str': u'2646263522', u'name': u'Mi India', u'screen_name': u'XiaomiIndia'}, {u'indices': [105, 116], u'id': 3138727082, u'id_str': u'3138727082', u'name': u'OnePlus India', u'screen_name': u'OnePlus_IN'}, {u'indices': [117, 126], u'id': 1282946089, u'id_str': u'1282946089', u'name': u'Amazon.in', u'screen_name': u'amazonIN'}]",,"@phoneradarblog @oppo @projectfi @MediaTek @ACTFibernet @Garmin @oneplus @XiaomiIndia #Oneplus6 #Oneplus @OnePlus_IN @amazonIN #AmazonOnePlus6Quize #Amazonindia
I'm loving my OnePlus smartphone. Get¬†‚Çπ1000 towards accessories when you buy a smartphone through https://t.co/pqiYFTunV4",0,False,low,,1008312979484389381,1008312979484389381,phoneradarblog,1007647403741102080,1007647403741102080,24395579,24395579,False,en,,,,,,,,,,,False,0,,,,,,,,,,,,,,,,,,,,,,,,,,,,,,,,,,,,,,,,,,,,,,,,,,,,,,,,,,,,,,,,,,,,,,,,,,,,,0,0,False,,,,,,,,,,,,,,,,,,,,,,,,,,,,,,,,,,,,,,,,,,,,,,,,,,,,,,,,,,,,,,,,,,,,,,,,,,,,,,,,,,,,,,,,,,,,,,,,,,,,,,,,,,,,,,,,,,,,,,,,,,,,,,,,,,,,,,,,,,,,,,,,,,,,,,,,,,"<a href=""http://twitter.com/download/android"" rel=""nofollow"">Twitter for Android</a>",@phoneradarblog @oppo @projectfi @MediaTek @ACTFibernet @Garmin @oneplus @XiaomiIndia #Oneplus6 #Oneplus‚Ä¶ https://t.co/4t4irLV8WG,1529235522515,True,False,Thu Mar 16 02:42:54 +0000 2017,True,False,,2911,,21,,90,False,842204496692449281,842204496692449281,False,en,0,,Varun,,F5F8FA,,,False,,http://pbs.twimg.com/profile_images/988463993659387904/Twe42e50_normal.jpg,https://pbs.twimg.com/profile_images/988463993659387904/Twe42e50_normal.jpg,1DA1F2,C0DEED,DDEEF6,333333,True,False,Drvarunyadav90,1472,,none,,,False
