,contributors,coordinates,created_at,display_text_range,entities.hashtags,entities.media,entities.symbols,entities.urls,entities.user_mentions,extended_entities.media,extended_tweet.display_text_range,extended_tweet.entities.hashtags,extended_tweet.entities.media,extended_tweet.entities.symbols,extended_tweet.entities.urls,extended_tweet.entities.user_mentions,extended_tweet.extended_entities.media,extended_tweet.full_text,favorite_count,favorited,filter_level,geo,id,id_str,in_reply_to_screen_name,in_reply_to_status_id,in_reply_to_status_id_str,in_reply_to_user_id,in_reply_to_user_id_str,is_quote_status,lang,place,place.bounding_box.coordinates,place.bounding_box.type,place.country,place.country_code,place.full_name,place.id,place.name,place.place_type,place.url,possibly_sensitive,quote_count,quoted_status.contributors,quoted_status.coordinates,quoted_status.created_at,quoted_status.entities.hashtags,quoted_status.entities.symbols,quoted_status.entities.urls,quoted_status.entities.user_mentions,quoted_status.extended_tweet.display_text_range,quoted_status.extended_tweet.entities.hashtags,quoted_status.extended_tweet.entities.symbols,quoted_status.extended_tweet.entities.urls,quoted_status.extended_tweet.entities.user_mentions,quoted_status.extended_tweet.full_text,quoted_status.favorite_count,quoted_status.favorited,quoted_status.filter_level,quoted_status.geo,quoted_status.id,quoted_status.id_str,quoted_status.in_reply_to_screen_name,quoted_status.in_reply_to_status_id,quoted_status.in_reply_to_status_id_str,quoted_status.in_reply_to_user_id,quoted_status.in_reply_to_user_id_str,quoted_status.is_quote_status,quoted_status.lang,quoted_status.place,quoted_status.possibly_sensitive,quoted_status.quote_count,quoted_status.reply_count,quoted_status.retweet_count,quoted_status.retweeted,quoted_status.source,quoted_status.text,quoted_status.truncated,quoted_status.user.contributors_enabled,quoted_status.user.created_at,quoted_status.user.default_profile,quoted_status.user.default_profile_image,quoted_status.user.description,quoted_status.user.favourites_count,quoted_status.user.follow_request_sent,quoted_status.user.followers_count,quoted_status.user.following,quoted_status.user.friends_count,quoted_status.user.geo_enabled,quoted_status.user.id,quoted_status.user.id_str,quoted_status.user.is_translator,quoted_status.user.lang,quoted_status.user.listed_count,quoted_status.user.location,quoted_status.user.name,quoted_status.user.notifications,quoted_status.user.profile_background_color,quoted_status.user.profile_background_image_url,quoted_status.user.profile_background_image_url_https,quoted_status.user.profile_background_tile,quoted_status.user.profile_banner_url,quoted_status.user.profile_image_url,quoted_status.user.profile_image_url_https,quoted_status.user.profile_link_color,quoted_status.user.profile_sidebar_border_color,quoted_status.user.profile_sidebar_fill_color,quoted_status.user.profile_text_color,quoted_status.user.profile_use_background_image,quoted_status.user.protected,quoted_status.user.screen_name,quoted_status.user.statuses_count,quoted_status.user.time_zone,quoted_status.user.translator_type,quoted_status.user.url,quoted_status.user.utc_offset,quoted_status.user.verified,quoted_status_id,quoted_status_id_str,quoted_status_permalink.display,quoted_status_permalink.expanded,quoted_status_permalink.url,reply_count,retweet_count,retweeted,retweeted_status.contributors,retweeted_status.coordinates,retweeted_status.created_at,retweeted_status.display_text_range,retweeted_status.entities.hashtags,retweeted_status.entities.media,retweeted_status.entities.symbols,retweeted_status.entities.urls,retweeted_status.entities.user_mentions,retweeted_status.extended_entities.media,retweeted_status.extended_tweet.display_text_range,retweeted_status.extended_tweet.entities.hashtags,retweeted_status.extended_tweet.entities.media,retweeted_status.extended_tweet.entities.symbols,retweeted_status.extended_tweet.entities.urls,retweeted_status.extended_tweet.entities.user_mentions,retweeted_status.extended_tweet.extended_entities.media,retweeted_status.extended_tweet.full_text,retweeted_status.favorite_count,retweeted_status.favorited,retweeted_status.filter_level,retweeted_status.geo,retweeted_status.id,retweeted_status.id_str,retweeted_status.in_reply_to_screen_name,retweeted_status.in_reply_to_status_id,retweeted_status.in_reply_to_status_id_str,retweeted_status.in_reply_to_user_id,retweeted_status.in_reply_to_user_id_str,retweeted_status.is_quote_status,retweeted_status.lang,retweeted_status.place,retweeted_status.possibly_sensitive,retweeted_status.quote_count,retweeted_status.reply_count,retweeted_status.retweet_count,retweeted_status.retweeted,retweeted_status.source,retweeted_status.text,retweeted_status.truncated,retweeted_status.user.contributors_enabled,retweeted_status.user.created_at,retweeted_status.user.default_profile,retweeted_status.user.default_profile_image,retweeted_status.user.description,retweeted_status.user.favourites_count,retweeted_status.user.follow_request_sent,retweeted_status.user.followers_count,retweeted_status.user.following,retweeted_status.user.friends_count,retweeted_status.user.geo_enabled,retweeted_status.user.id,retweeted_status.user.id_str,retweeted_status.user.is_translator,retweeted_status.user.lang,retweeted_status.user.listed_count,retweeted_status.user.location,retweeted_status.user.name,retweeted_status.user.notifications,retweeted_status.user.profile_background_color,retweeted_status.user.profile_background_image_url,retweeted_status.user.profile_background_image_url_https,retweeted_status.user.profile_background_tile,retweeted_status.user.profile_banner_url,retweeted_status.user.profile_image_url,retweeted_status.user.profile_image_url_https,retweeted_status.user.profile_link_color,retweeted_status.user.profile_sidebar_border_color,retweeted_status.user.profile_sidebar_fill_color,retweeted_status.user.profile_text_color,retweeted_status.user.profile_use_background_image,retweeted_status.user.protected,retweeted_status.user.screen_name,retweeted_status.user.statuses_count,retweeted_status.user.time_zone,retweeted_status.user.translator_type,retweeted_status.user.url,retweeted_status.user.utc_offset,retweeted_status.user.verified,source,text,timestamp_ms,truncated,user.contributors_enabled,user.created_at,user.default_profile,user.default_profile_image,user.description,user.favourites_count,user.follow_request_sent,user.followers_count,user.following,user.friends_count,user.geo_enabled,user.id,user.id_str,user.is_translator,user.lang,user.listed_count,user.location,user.name,user.notifications,user.profile_background_color,user.profile_background_image_url,user.profile_background_image_url_https,user.profile_background_tile,user.profile_banner_url,user.profile_image_url,user.profile_image_url_https,user.profile_link_color,user.profile_sidebar_border_color,user.profile_sidebar_fill_color,user.profile_text_color,user.profile_use_background_image,user.protected,user.screen_name,user.statuses_count,user.time_zone,user.translator_type,user.url,user.utc_offset,user.verified
0,,,Sun Jun 17 12:04:43 +0000 2018,,"[{u'indices': [33, 39], u'text': u'Apple'}]",,[],"[{u'url': u'https://t.co/T45yIDenPM', u'indices': [50, 73], u'expanded_url': u'https://itunes.apple.com/jp/album/yue-tian-xin-tukitenshin/id599260258?i=599260585', u'display_url': u'itunes.apple.com/jp/album/yue-t‚Ä¶'}, {u'url': u'https://t.co/ft94atu5fl', u'indices': [113, 136], u'expanded_url': u'http://marsproject.dip.jp/news/2013_3_25_dl_rank.jpg', u'display_url': u'marsproject.dip.jp/news/2013_3_25‚Ä¶'}]",[],,,,,,,,,,0,False,low,,1008319525547270144,1008319525547270144,,,,,,False,en,,,,,,,,,,,False,0,,,,,,,,,,,,,,,,,,,,,,,,,,,,,,,,,,,,,,,,,,,,,,,,,,,,,,,,,,,,,,,,,,,,,,,,,,,,,,,,0,0,False,,,,,,,,,,,,,,,,,,,,,,,,,,,,,,,,,,,,,,,,,,,,,,,,,,,,,,,,,,,,,,,,,,,,,,,,,,,,,,,,"<a href=""http://marsproject.dip.jp/"" rel=""nofollow"">bb_ma</a>",Very very Berry -Tukitenshin- on #Apple music(JP) https://t.co/T45yIDenPM (JP LargestClassSite 2013/3 #1) 2013/3 https://t.co/ft94atu5fl,1529237083218,False,False,Mon Oct 17 09:02:17 +0000 2011,False,False,Independent Music Label & Office -MARS PROJECT.  Establishment 1995 Since 1992. http://marsproject.info/,499,,64805,,63967,False,392599269,392599269,False,ja,337,JAPAN,Label MARS PROJECT,,C0DEED,http://abs.twimg.com/images/themes/theme1/bg.png,https://abs.twimg.com/images/themes/theme1/bg.png,True,https://pbs.twimg.com/profile_banners/392599269/1396489727,http://pbs.twimg.com/profile_images/451269325656035329/-j-YaHfe_normal.png,https://pbs.twimg.com/profile_images/451269325656035329/-j-YaHfe_normal.png,0084B4,FFFFFF,DDEEF6,333333,True,False,Labelmars,2198865,,none,http://marsproject.dip.jp,,False
1,,,Sun Jun 17 12:04:45 +0000 2018,,"[{u'indices': [100, 107], u'text': u'iPhone'}, {u'indices': [108, 114], u'text': u'Apple'}, {u'indices': [115, 119], u'text': u'„Çπ„Éû„Éõ'}, {u'indices': [120, 124], u'text': u'‰Ωø„ÅÑÊñπ'}, {u'indices': [125, 131], u'text': u'„Ç¢„Ç§„Éï„Ç©„É≥'}, {u'indices': [132, 136], u'text': u'„Ç¢„Éó„É™'}]",,[],"[{u'url': u'https://t.co/8JWLldeNHg', u'indices': [73, 96], u'expanded_url': u'https://youtu.be/m1yhD1oyn_4', u'display_url': u'youtu.be/m1yhD1oyn_4'}]",[],,,,,,,,,,0,False,low,,1008319534581739522,1008319534581739522,,,,,,False,ja,,,,,,,,,,,False,0,,,,,,,,,,,,,,,,,,,,,,,,,,,,,,,,,,,,,,,,,,,,,,,,,,,,,,,,,,,,,,,,,,,,,,,,,,,,,,,,0,0,False,,,,,,,,,,,,,,,,,,,,,,,,,,,,,,,,,,,,,,,,,,,,,,,,,,,,,,,,,,,,,,,,,,,,,,,,,,,,,,,,"<a href=""http://makebot.sh/"" rel=""nofollow"">katteni.Lab</a>","iPhone„ÅÆ„Ç¢„Éó„É™„Å£„Å¶Â†¥ÊâÄÂ§â„Åà„Çâ„Çå„Çã„ÅÆÔºÅÔºü
Áü•„Çâ„Å™„Åã„Å£„Åü„Éª„Éª„Å†„Å£„Å¶Ë™∞„ÇÇÊïô„Åà„Å¶„Åè„Çå„Å™„ÅÑ„Çì„Å†„ÇÇ„Çì„Éª„Éª
„Åù„Çå„Å™„Çâ„Åì„ÅÆÂãïÁîª„Åß„Å≤„Å®„Çä„ÅßÂãâÂº∑„Åó„Åæ„Åó„Çá„ÅÜÔºÅ

https://t.co/8JWLldeNHg 

 #iPhone #Apple #„Çπ„Éû„Éõ„ÄÄ#‰Ωø„ÅÑÊñπ„ÄÄ#„Ç¢„Ç§„Éï„Ç©„É≥„ÄÄ#„Ç¢„Éó„É™",1529237085372,False,False,Wed Mar 18 16:11:15 +0000 2015,True,False,„Çπ„Éû„Éõ„ÅÆ‰Ωø„ÅÑÊñπ„ÇíÁ¥π‰ªã„Åô„Çã„Ç¢„Ç´„Ç¶„É≥„Éà„Åß„Åô„ÄÇ‰ªä„ÅØÁâπ„Å´iPhone„ÅÆ‰Ωø„ÅÑÊñπ„ÇíÁ¥π‰ªã„Åó„Å¶„ÅÑ„Åæ„Åô„Åå„ÄÅÈöèÊôÇËøΩÂä†„Åó„Å¶„ÅÑ„Åç„Åæ„Åô„ÅÆ„Åß„Éï„Ç©„É≠„Éº„Çí„ÅäÈ°ò„ÅÑ„Åó„Åæ„Åô„ÄÇ„Çπ„Éû„Éõ„ÅÆ‰Ωø„ÅÑÊñπ„ÇÑ„Çπ„Éû„Éõ„ÅÆÊñôÈáë„ÅÆË¶ãÁõ¥„Åó„Å´„ÇÇÂÄãÂà•„Å´„Çµ„Éù„Éº„Éà„Åó„Åæ„ÅôÔºàÊúâÊñôÔºâ„ÅÆ„Åß„ÅäÊ∞óËªΩ„Å´„É°„Éº„É´‰∏ã„Åï„ÅÑ„ÄÇkatteni.sensei.lab@gmail.com,3,,241,,824,False,3096545995,3096545995,False,ja,42,Èñ¢Êù±,ÂãùÊâã„Å´„Çπ„Éû„Éõ„ÅÆ‰Ωø„ÅÑÊñπÊïôÂÆ§,,C0DEED,http://abs.twimg.com/images/themes/theme1/bg.png,https://abs.twimg.com/images/themes/theme1/bg.png,False,,http://pbs.twimg.com/profile_images/765921853848236032/J5pwkpBt_normal.jpg,https://pbs.twimg.com/profile_images/765921853848236032/J5pwkpBt_normal.jpg,1DA1F2,C0DEED,DDEEF6,333333,True,False,katteni_Lab,25928,,none,,,False
2,,,Sun Jun 17 12:04:52 +0000 2018,,"[{u'indices': [34, 40], u'text': u'Apple'}, {u'indices': [71, 77], u'text': u'music'}, {u'indices': [78, 85], u'text': u'listen'}, {u'indices': [86, 92], u'text': u'Japan'}, {u'indices': [93, 105], u'text': u'information'}]",,[],"[{u'url': u'https://t.co/vQHa1k0rbP', u'indices': [47, 70], u'expanded_url': u'https://itunes.apple.com/jp/album/think-your-heart/id1146960698?i=1146961045', u'display_url': u'itunes.apple.com/jp/album/think‚Ä¶'}]",[],,,,,,,,,,0,False,low,,1008319563371384832,1008319563371384832,,,,,,False,en,,,,,,,,,,,False,0,,,,,,,,,,,,,,,,,,,,,,,,,,,,,,,,,,,,,,,,,,,,,,,,,,,,,,,,,,,,,,,,,,,,,,,,,,,,,,,,0,0,False,,,,,,,,,,,,,,,,,,,,,,,,,,,,,,,,,,,,,,,,,,,,,,,,,,,,,,,,,,,,,,,,,,,,,,,,,,,,,,,,"<a href=""http://marsproject.dip.jp/"" rel=""nofollow"">bb_ma</a>",MASAKI YODA -Think Your Heart- on #Apple music https://t.co/vQHa1k0rbP #music #listen #Japan #information,1529237092236,False,False,Mon Oct 17 09:02:17 +0000 2011,False,False,Independent Music Label & Office -MARS PROJECT.  Establishment 1995 Since 1992. http://marsproject.info/,499,,64805,,63967,False,392599269,392599269,False,ja,337,JAPAN,Label MARS PROJECT,,C0DEED,http://abs.twimg.com/images/themes/theme1/bg.png,https://abs.twimg.com/images/themes/theme1/bg.png,True,https://pbs.twimg.com/profile_banners/392599269/1396489727,http://pbs.twimg.com/profile_images/451269325656035329/-j-YaHfe_normal.png,https://pbs.twimg.com/profile_images/451269325656035329/-j-YaHfe_normal.png,0084B4,FFFFFF,DDEEF6,333333,True,False,Labelmars,2198866,,none,http://marsproject.dip.jp,,False
3,,,Sun Jun 17 12:04:52 +0000 2018,,"[{u'indices': [36, 42], u'text': u'apple'}, {u'indices': [67, 73], u'text': u'musik'}, {u'indices': [74, 81], u'text': u'lyssna'}, {u'indices': [82, 88], u'text': u'japan'}, {u'indices': [89, 99], u'text': u'uppgifter'}]",,[],"[{u'url': u'https://t.co/09Ss7243Ea', u'indices': [43, 66], u'expanded_url': u'https://itunes.apple.com/jp/album/loveing-your-heart/id1146960698?i=1146962358', u'display_url': u'itunes.apple.com/jp/album/lovei‚Ä¶'}]",[],,,,,,,,,,0,False,low,,1008319565539889153,1008319565539889153,,,,,,False,en,,,,,,,,,,,False,0,,,,,,,,,,,,,,,,,,,,,,,,,,,,,,,,,,,,,,,,,,,,,,,,,,,,,,,,,,,,,,,,,,,,,,,,,,,,,,,,0,0,False,,,,,,,,,,,,,,,,,,,,,,,,,,,,,,,,,,,,,,,,,,,,,,,,,,,,,,,,,,,,,,,,,,,,,,,,,,,,,,,,"<a href=""http://marsproject.dip.jp/"" rel=""nofollow"">MARS BOT Level</a>",MASAKI YODA -Loveing your heart- on #apple https://t.co/09Ss7243Ea #musik #lyssna #japan #uppgifter 21^_^,1529237092753,False,False,Sat Nov 19 16:20:58 +0000 2011,False,False,Music information of LABEL MARS PROJECT. @Labelmars ‚úå    Establishment 1995 Since 1992. http://marsproject.info/,490,,74993,,71289,False,416383737,416383737,False,ja,232,JAPAN,bot_mars,,C0DEED,http://abs.twimg.com/images/themes/theme1/bg.png,https://abs.twimg.com/images/themes/theme1/bg.png,True,https://pbs.twimg.com/profile_banners/416383737/1396489844,http://pbs.twimg.com/profile_images/2554299817/dukt8fknzowndsecbhyb_normal.png,https://pbs.twimg.com/profile_images/2554299817/dukt8fknzowndsecbhyb_normal.png,0084B4,FFFFFF,DDEEF6,333333,True,False,LABEL_MARS_BOT,2324132,,none,http://marsproject.dip.jp/news.htm,,False
4,,,Sun Jun 17 12:05:03 +0000 2018,,"[{u'indices': [16, 22], u'text': u'Apple'}]",,[],"[{u'url': u'https://t.co/Uc5SehTHxz', u'indices': [78, 101], u'expanded_url': u'https://www.vieolo.com/blog/1/', u'display_url': u'vieolo.com/blog/1/'}]","[{u'indices': [3, 14], u'id_str': u'3038471466', u'screen_name': u'VieoloBlog', u'name': u'Vieolo Blog', u'id': 3038471466}]",,,,,,,,,,0,False,low,,1008319611375378438,1008319611375378438,,,,,,False,en,,,,,,,,,,,False,0,,,,,,,,,,,,,,,,,,,,,,,,,,,,,,,,,,,,,,,,,,,,,,,,,,,,,,,,,,,,,,,,,,,,,,,,,,,,,,,,0,0,False,,,Sun Jun 17 01:01:21 +0000 2018,,"[{u'indices': [0, 6], u'text': u'Apple'}]",,[],"[{u'url': u'https://t.co/Uc5SehTHxz', u'indices': [62, 85], u'expanded_url': u'https://www.vieolo.com/blog/1/', u'display_url': u'vieolo.com/blog/1/'}]",[],,,,,,,,,,0.0,False,low,,1.008152586e+18,1008152585998622720,,,,,,False,en,,False,0.0,0.0,1.0,False,"<a href=""https://www.constantrich.com"" rel=""nofollow"">twitter magic saver 2</a>",#Apple gains the biggest profit among all of the phone makers https://t.co/Uc5SehTHxz,False,False,Mon Feb 23 21:26:04 +0000 2015,False,False,The official blog of http://www.Vieolo.com,171.0,,5662.0,,6228.0,False,3038471466.0,3038471466,False,en,38.0,,Vieolo Blog,,000000,http://abs.twimg.com/images/themes/theme1/bg.png,https://abs.twimg.com/images/themes/theme1/bg.png,False,https://pbs.twimg.com/profile_banners/3038471466/1525527053,http://pbs.twimg.com/profile_images/992758426412314624/muzoCYLY_normal.jpg,https://pbs.twimg.com/profile_images/992758426412314624/muzoCYLY_normal.jpg,000000,000000,000000,000000,False,False,VieoloBlog,519.0,,none,https://www.Vieolo.com/blog/,,False,"<a href=""http://twitter.com"" rel=""nofollow"">Twitter Web Client</a>",RT @VieoloBlog: #Apple gains the biggest profit among all of the phone makers https://t.co/Uc5SehTHxz,1529237103681,False,False,Sat Mar 25 04:54:23 +0000 2017,True,False,üôèüòçGODüòçüôè Earthüåé #nature #Health #animals #music #art #AI #Science #Tech #Digitalüåè #Bizz! ‚õîNoPORN‚õî I FollowB Tw&Rtw! #Peace & #Love to all üíñüå¥üçáüå¥üçáüíñ,24095,,23444,,25639,False,845499075625717761,845499075625717761,False,en,223,"Amsterdam,  Netherlands",Sharer UsSharing,,F5F8FA,,,False,,http://pbs.twimg.com/profile_images/869468028550905856/7PCYmSGW_normal.jpg,https://pbs.twimg.com/profile_images/869468028550905856/7PCYmSGW_normal.jpg,1DA1F2,C0DEED,DDEEF6,333333,True,False,SharerUssharing,209179,,none,,,False
5,,,Sun Jun 17 12:05:14 +0000 2018,,"[{u'indices': [0, 6], u'text': u'Apple'}]",,[],"[{u'url': u'https://t.co/GFlhw3zEE7', u'indices': [63, 86], u'expanded_url': u'https://goo.gl/Qrr2a3', u'display_url': u'goo.gl/Qrr2a3'}]",[],,,,,,,,,,0,False,low,,1008319654677438464,1008319654677438464,,,,,,False,en,,,,,,,,,,,False,0,,,,,,,,,,,,,,,,,,,,,,,,,,,,,,,,,,,,,,,,,,,,,,,,,,,,,,,,,,,,,,,,,,,,,,,,,,,,,,,,0,0,False,,,,,,,,,,,,,,,,,,,,,,,,,,,,,,,,,,,,,,,,,,,,,,,,,,,,,,,,,,,,,,,,,,,,,,,,,,,,,,,,"<a href=""http://Detik.com"" rel=""nofollow"">detikcom for Blackberry</a>",#Apple inks deal with Oprah to fuel $1bn original content push https://t.co/GFlhw3zEE7,1529237114005,False,False,Sun Jun 10 14:42:30 +0000 2018,False,False,The latest news of interest about #Television #TV in one place!,19,,149,,1571,False,1005822519495086080,1005822519495086080,False,en,1,Global,Shows Broadcast,,000000,http://abs.twimg.com/images/themes/theme1/bg.png,https://abs.twimg.com/images/themes/theme1/bg.png,False,https://pbs.twimg.com/profile_banners/1005822519495086080/1528644281,http://pbs.twimg.com/profile_images/1005829493964132352/_1ab_E7e_normal.jpg,https://pbs.twimg.com/profile_images/1005829493964132352/_1ab_E7e_normal.jpg,1DA1F2,000000,000000,000000,False,False,Shows_Broadcast,1669,,none,,,False
6,,,Sun Jun 17 12:05:15 +0000 2018,,"[{u'indices': [26, 32], u'text': u'Apple'}, {u'indices': [63, 69], u'text': u'music'}, {u'indices': [70, 77], u'text': u'listen'}, {u'indices': [78, 84], u'text': u'Japan'}, {u'indices': [85, 97], u'text': u'information'}]",,[],"[{u'url': u'https://t.co/NYLhHZVSjy', u'indices': [39, 62], u'expanded_url': u'https://itunes.apple.com/jp/album/for-dear/1214636683?i=1214636692', u'display_url': u'itunes.apple.com/jp/album/for-d‚Ä¶'}]",[],,,,,,,,,,0,False,low,,1008319661803335681,1008319661803335681,,,,,,False,en,,,,,,,,,,,False,0,,,,,,,,,,,,,,,,,,,,,,,,,,,,,,,,,,,,,,,,,,,,,,,,,,,,,,,,,,,,,,,,,,,,,,,,,,,,,,,,0,0,False,,,,,,,,,,,,,,,,,,,,,,,,,,,,,,,,,,,,,,,,,,,,,,,,,,,,,,,,,,,,,,,,,,,,,,,,,,,,,,,,"<a href=""http://marsproject.dip.jp/"" rel=""nofollow"">bb_ma</a>",MASAKI YODA -for dear- on #Apple music https://t.co/NYLhHZVSjy #music #listen #Japan #information,1529237115704,False,False,Mon Oct 17 09:02:17 +0000 2011,False,False,Independent Music Label & Office -MARS PROJECT.  Establishment 1995 Since 1992. http://marsproject.info/,499,,64805,,63967,False,392599269,392599269,False,ja,337,JAPAN,Label MARS PROJECT,,C0DEED,http://abs.twimg.com/images/themes/theme1/bg.png,https://abs.twimg.com/images/themes/theme1/bg.png,True,https://pbs.twimg.com/profile_banners/392599269/1396489727,http://pbs.twimg.com/profile_images/451269325656035329/-j-YaHfe_normal.png,https://pbs.twimg.com/profile_images/451269325656035329/-j-YaHfe_normal.png,0084B4,FFFFFF,DDEEF6,333333,True,False,Labelmars,2198867,,none,http://marsproject.dip.jp,,False
7,,,Sun Jun 17 12:05:20 +0000 2018,"[0, 140]","[{u'indices': [22, 31], u'text': u'Official'}, {u'indices': [52, 60], u'text': u'SPOTIFY'}, {u'indices': [61, 71], u'text': u'Instagram'}, {u'indices': [72, 81], u'text': u'SNAPCHAT'}, {u'indices': [82, 91], u'text': u'Facebook'}, {u'indices': [92, 98], u'text': u'APPLE'}, {u'indices': [99, 107], u'text': u'Twitter'}]",,[],"[{u'url': u'https://t.co/vgEwysyGm5', u'indices': [112, 135], u'expanded_url': u'https://twitter.com/i/web/status/1008319682179461120', u'display_url': u'twitter.com/i/web/status/1‚Ä¶'}]",[],,"[0, 134]","[{u'indices': [22, 31], u'text': u'Official'}, {u'indices': [52, 60], u'text': u'SPOTIFY'}, {u'indices': [61, 71], u'text': u'Instagram'}, {u'indices': [72, 81], u'text': u'SNAPCHAT'}, {u'indices': [82, 91], u'text': u'Facebook'}, {u'indices': [92, 98], u'text': u'APPLE'}, {u'indices': [99, 107], u'text': u'Twitter'}]","[{u'expanded_url': u'https://twitter.com/Appleolizer/status/1008319682179461120/photo/1', u'display_url': u'pic.twitter.com/s4XvfIT251', u'url': u'https://t.co/s4XvfIT251', u'media_url_https': u'https://pbs.twimg.com/media/Df5FaFGW4AAV9QY.jpg', u'id_str': u'1008319680925327360', u'sizes': {u'small': {u'h': 480, u'w': 640, u'resize': u'fit'}, u'large': {u'h': 480, u'w': 640, u'resize': u'fit'}, u'medium': {u'h': 480, u'w': 640, u'resize': u'fit'}, u'thumb': {u'h': 150, u'w': 150, u'resize': u'crop'}}, u'indices': [135, 158], u'type': u'photo', u'id': 1008319680925327360, u'media_url': u'http://pbs.twimg.com/media/Df5FaFGW4AAV9QY.jpg'}]",[],"[{u'url': u'https://t.co/ygzwP8YqrT', u'indices': [111, 134], u'expanded_url': u'http://apple.trendolizer.com/2018/06/matthaios---pagod-na-official-audio-ft-yuridope.html', u'display_url': u'apple.trendolizer.com/2018/06/mattha‚Ä¶'}]",[],"[{u'expanded_url': u'https://twitter.com/Appleolizer/status/1008319682179461120/photo/1', u'display_url': u'pic.twitter.com/s4XvfIT251', u'url': u'https://t.co/s4XvfIT251', u'media_url_https': u'https://pbs.twimg.com/media/Df5FaFGW4AAV9QY.jpg', u'id_str': u'1008319680925327360', u'sizes': {u'small': {u'h': 480, u'w': 640, u'resize': u'fit'}, u'large': {u'h': 480, u'w': 640, u'resize': u'fit'}, u'medium': {u'h': 480, u'w': 640, u'resize': u'fit'}, u'thumb': {u'h': 150, u'w': 150, u'resize': u'crop'}}, u'indices': [135, 158], u'type': u'photo', u'id': 1008319680925327360, u'media_url': u'http://pbs.twimg.com/media/Df5FaFGW4AAV9QY.jpg'}]",Matthaios - Pagod Na (#Official Audio) ft. Yuridope #SPOTIFY #Instagram #SNAPCHAT #Facebook #APPLE #Twitter... https://t.co/ygzwP8YqrT https://t.co/s4XvfIT251,0,False,low,,1008319682179461120,1008319682179461120,,,,,,False,tl,,,,,,,,,,,False,0,,,,,,,,,,,,,,,,,,,,,,,,,,,,,,,,,,,,,,,,,,,,,,,,,,,,,,,,,,,,,,,,,,,,,,,,,,,,,,,,0,0,False,,,,,,,,,,,,,,,,,,,,,,,,,,,,,,,,,,,,,,,,,,,,,,,,,,,,,,,,,,,,,,,,,,,,,,,,,,,,,,,,"<a href=""http://leadstories.com"" rel=""nofollow"">Lead Stories Feed Publisher</a>",Matthaios - Pagod Na (#Official Audio) ft. Yuridope #SPOTIFY #Instagram #SNAPCHAT #Facebook #APPLE #Twitter...‚Ä¶ https://t.co/vgEwysyGm5,1529237120562,True,False,Wed Jun 06 21:43:32 +0000 2012,True,False,"The most trending stories about Apple, the iPhone, the iPad and iOS, collected by Trendolizer",0,,979,,310,False,601319257,601319257,False,nl,598,,Appleolizer,,C0DEED,http://abs.twimg.com/images/themes/theme1/bg.png,https://abs.twimg.com/images/themes/theme1/bg.png,False,https://pbs.twimg.com/profile_banners/601319257/1411741111,http://pbs.twimg.com/profile_images/515505742254596096/WfxqLfHl_normal.jpeg,https://pbs.twimg.com/profile_images/515505742254596096/WfxqLfHl_normal.jpeg,1DA1F2,C0DEED,DDEEF6,333333,True,False,Appleolizer,142690,,none,http://apple.trendolizer.com,,False
8,,,Sun Jun 17 12:05:20 +0000 2018,,[],,[],[],"[{u'indices': [3, 16], u'id_str': u'4385421951', u'screen_name': u'RafaelWrites', u'name': u'Rafael Amadeus Hines', u'id': 4385421951}]",,,,,,,,,,0,False,low,,1008319682829434882,1008319682829434882,,,,,,False,en,,,,,,,,,,,,0,,,,,,,,,,,,,,,,,,,,,,,,,,,,,,,,,,,,,,,,,,,,,,,,,,,,,,,,,,,,,,,,,,,,,,,,,,,,,,,,0,0,False,,,Mon Apr 30 01:23:05 +0000 2018,"[0, 140]",[],,[],"[{u'url': u'https://t.co/X4ZAvFRDmj', u'indices': [117, 140], u'expanded_url': u'https://twitter.com/i/web/status/990763436656218113', u'display_url': u'twitter.com/i/web/status/9‚Ä¶'}]",[],,"[0, 269]","[{u'indices': [154, 161], u'text': u'Amazon'}, {u'indices': [190, 197], u'text': u'Amazon'}, {u'indices': [226, 232], u'text': u'Apple'}, {u'indices': [233, 238], u'text': u'Nook'}, {u'indices': [239, 244], u'text': u'Kobo'}]","[{u'expanded_url': u'https://twitter.com/RafaelWrites/status/990763436656218113/photo/1', u'sizes': {u'small': {u'h': 342, u'resize': u'fit', u'w': 680}, u'large': {u'h': 377, u'resize': u'fit', u'w': 749}, u'medium': {u'h': 377, u'resize': u'fit', u'w': 749}, u'thumb': {u'h': 150, u'resize': u'crop', u'w': 150}}, u'url': u'https://t.co/KH9mDKdquA', u'media_url_https': u'https://pbs.twimg.com/media/Db_mF2KU0AAp8e2.jpg', u'id_str': u'990763431157354496', u'indices': [270, 293], u'media_url': u'http://pbs.twimg.com/media/Db_mF2KU0AAp8e2.jpg', u'type': u'photo', u'id': 990763431157354496, u'display_url': u'pic.twitter.com/KH9mDKdquA'}]",[],"[{u'url': u'https://t.co/gNZ5LUiEK0', u'indices': [166, 189], u'expanded_url': u'http://bit.ly/BishopUSA', u'display_url': u'bit.ly/BishopUSA'}, {u'url': u'https://t.co/vWmugMW9xP', u'indices': [202, 225], u'expanded_url': u'http://bit.ly/BishopUK', u'display_url': u'bit.ly/BishopUK'}, {u'url': u'https://t.co/TY8a6AVRHo', u'indices': [246, 269], u'expanded_url': u'http://books2read.com/u/3yZrDl', u'display_url': u'books2read.com/u/3yZrDl'}]",[],"[{u'expanded_url': u'https://twitter.com/RafaelWrites/status/990763436656218113/photo/1', u'sizes': {u'small': {u'h': 342, u'resize': u'fit', u'w': 680}, u'large': {u'h': 377, u'resize': u'fit', u'w': 749}, u'medium': {u'h': 377, u'resize': u'fit', u'w': 749}, u'thumb': {u'h': 150, u'resize': u'crop', u'w': 150}}, u'url': u'https://t.co/KH9mDKdquA', u'media_url_https': u'https://pbs.twimg.com/media/Db_mF2KU0AAp8e2.jpg', u'id_str': u'990763431157354496', u'indices': [270, 293], u'media_url': u'http://pbs.twimg.com/media/Db_mF2KU0AAp8e2.jpg', u'type': u'photo', u'id': 990763431157354496, u'display_url': u'pic.twitter.com/KH9mDKdquA'}]","‚ÄúFans of suspense fiction will find much to appreciate here... A nuanced and impressively constructed debut.‚Äù
‚Äî Kirkus Review
üí• 99 cents!
üí• 900+ REVIEWS!
#Amazon üá∫üá∏: https://t.co/gNZ5LUiEK0
#Amazon üá¨üáß: https://t.co/vWmugMW9xP
#Apple #Nook #Kobo: https://t.co/TY8a6AVRHo https://t.co/KH9mDKdquA",60.0,False,low,,9.90763436656e+17,990763436656218113,,,,,,False,en,,False,0.0,1.0,146.0,False,"<a href=""http://twitter.com/download/iphone"" rel=""nofollow"">Twitter for iPhone</a>","‚ÄúFans of suspense fiction will find much to appreciate here... A nuanced and impressively constructed debut.‚Äù
‚Äî Kir‚Ä¶ https://t.co/X4ZAvFRDmj",True,False,Sat Dec 05 18:03:54 +0000 2015,False,False,Bestselling Author of BISHOP'S WAR #AwardWinning #ActionThriller #Suspense #WarOnTerror #NYC #Afghanistan (first in the Bishop series),71273.0,,100694.0,,99873.0,True,4385421951.0,4385421951,False,en,1532.0,"New York, NY",Rafael Amadeus Hines,,000000,http://abs.twimg.com/images/themes/theme1/bg.png,https://abs.twimg.com/images/themes/theme1/bg.png,False,https://pbs.twimg.com/profile_banners/4385421951/1452737195,http://pbs.twimg.com/profile_images/738890714164166656/ZUdm4Nn3_normal.jpg,https://pbs.twimg.com/profile_images/738890714164166656/ZUdm4Nn3_normal.jpg,0084B4,000000,000000,000000,False,False,RafaelWrites,88209.0,,none,http://www.rafaelhines.com,,False,"<a href=""http://twitter.com/download/iphone"" rel=""nofollow"">Twitter for iPhone</a>","RT @RafaelWrites: ‚ÄúFans of suspense fiction will find much to appreciate here... A nuanced and impressively constructed debut.‚Äù
‚Äî Kirkus Re‚Ä¶",1529237120717,False,False,Sun Jan 15 12:37:33 +0000 2017,True,False,,162960,,9842,,2923,False,820610873060249600,820610873060249600,False,ja,111,,nami¬Æ+‚ô°+,,F5F8FA,,,False,https://pbs.twimg.com/profile_banners/820610873060249600/1529210211,http://pbs.twimg.com/profile_images/1008123438462988288/5-ou4GUX_normal.jpg,https://pbs.twimg.com/profile_images/1008123438462988288/5-ou4GUX_normal.jpg,1DA1F2,C0DEED,DDEEF6,333333,True,False,nami_bluebird,192272,,none,https://m.youtube.com/channel/UCx8v-goujcpBVF7QKALgp3g,,False
9,,,Sun Jun 17 12:05:44 +0000 2018,"[0, 46]","[{u'indices': [0, 11], u'text': u'FathersDay'}, {u'indices': [12, 26], u'text': u'SundayMorning'}, {u'indices': [27, 34], u'text': u'CRCSRB'}]",,[],"[{u'url': u'https://t.co/N3W0p7hRJx', u'indices': [47, 70], u'expanded_url': u'https://twitter.com/RecipesLover1/status/1008097187820179456', u'display_url': u'twitter.com/RecipesLover1/‚Ä¶'}]",[],,,,,,,,,,0,False,low,,1008319780602949632,1008319780602949632,,,,,,True,es,,,,,,,,,,,False,0,,,Sat Jun 16 21:21:13 +0000 2018,"[{u'indices': [80, 86], u'text': u'juice'}, {u'indices': [87, 95], u'text': u'juicing'}, {u'indices': [96, 108], u'text': u'juicerecipe'}]",[],"[{u'url': u'https://t.co/rv55X1BR3a', u'indices': [56, 79], u'expanded_url': u'https://www.recipeslover.com/healthy-green-juicing-recipes/', u'display_url': u'recipeslover.com/healthy-green-‚Ä¶'}, {u'url': u'https://t.co/nwCf9R3wiL', u'indices': [110, 133], u'expanded_url': u'https://twitter.com/i/web/status/1008097187820179456', u'display_url': u'twitter.com/i/web/status/1‚Ä¶'}]",[],"[0, 162]","[{u'indices': [80, 86], u'text': u'juice'}, {u'indices': [87, 95], u'text': u'juicing'}, {u'indices': [96, 108], u'text': u'juicerecipe'}, {u'indices': [109, 116], u'text': u'recipe'}, {u'indices': [117, 125], u'text': u'recipes'}, {u'indices': [126, 137], u'text': u'loseweight'}, {u'indices': [138, 143], u'text': u'beet'}, {u'indices': [144, 150], u'text': u'apple'}, {u'indices': [151, 156], u'text': u'mint'}, {u'indices': [157, 162], u'text': u'girl'}]",[],"[{u'url': u'https://t.co/rv55X1BR3a', u'indices': [56, 79], u'expanded_url': u'https://www.recipeslover.com/healthy-green-juicing-recipes/', u'display_url': u'recipeslover.com/healthy-green-‚Ä¶'}]",[],Check out this article: Healthy Green Juicing Recipes - https://t.co/rv55X1BR3a #juice #juicing #juicerecipe #recipe #recipes #loseweight #beet #apple #mint #girl,0.0,False,low,,1.00809718782e+18,1008097187820179456,,,,,,False,en,,False,0.0,0.0,0.0,False,"<a href=""http://twitter.com"" rel=""nofollow"">Twitter Web Client</a>",Check out this article: Healthy Green Juicing Recipes - https://t.co/rv55X1BR3a #juice #juicing #juicerecipe‚Ä¶ https://t.co/nwCf9R3wiL,True,False,Sat Jun 09 04:56:42 +0000 2018,True,False,We came to offer you the most delicious and most special recipes. You will definitely want to look at these specimens prepared by our special cooks,19.0,,5.0,,107.0,False,1.00531270963e+18,1005312709628481536,False,en,0.0,United States,Recipes Lover,,F5F8FA,,,False,https://pbs.twimg.com/profile_banners/1005312709628481536/1528520838,http://pbs.twimg.com/profile_images/1005314779911729153/9r_NlqGS_normal.jpg,https://pbs.twimg.com/profile_images/1005314779911729153/9r_NlqGS_normal.jpg,1DA1F2,C0DEED,DDEEF6,333333,True,False,RecipesLover1,45.0,,none,https://www.recipeslover.com,,False,1.00809718782e+18,1008097187820179456,twitter.com/RecipesLover1/‚Ä¶,https://twitter.com/RecipesLover1/status/1008097187820179456,https://t.co/N3W0p7hRJx,0,0,False,,,,,,,,,,,,,,,,,,,,,,,,,,,,,,,,,,,,,,,,,,,,,,,,,,,,,,,,,,,,,,,,,,,,,,,,,,,,,,,,"<a href=""http://twitter.com"" rel=""nofollow"">Twitter Web Client</a>",#FathersDay #SundayMorning #CRCSRB Vamos Ticos https://t.co/N3W0p7hRJx,1529237144028,False,False,Sat Jun 09 04:56:42 +0000 2018,True,False,We came to offer you the most delicious and most special recipes. You will definitely want to look at these specimens prepared by our special cooks,19,,5,,107,False,1005312709628481536,1005312709628481536,False,en,0,United States,Recipes Lover,,F5F8FA,,,False,https://pbs.twimg.com/profile_banners/1005312709628481536/1528520838,http://pbs.twimg.com/profile_images/1005314779911729153/9r_NlqGS_normal.jpg,https://pbs.twimg.com/profile_images/1005314779911729153/9r_NlqGS_normal.jpg,1DA1F2,C0DEED,DDEEF6,333333,True,False,RecipesLover1,46,,none,https://www.recipeslover.com,,False
10,,,Sun Jun 17 12:05:55 +0000 2018,,"[{u'indices': [26, 32], u'text': u'Apple'}, {u'indices': [63, 69], u'text': u'music'}, {u'indices': [70, 77], u'text': u'listen'}, {u'indices': [78, 84], u'text': u'Japan'}, {u'indices': [85, 97], u'text': u'information'}]",,[],"[{u'url': u'https://t.co/qb5TeYRBhu', u'indices': [39, 62], u'expanded_url': u'https://itunes.apple.com/jp/album/cruising/id1146960698?i=1146962392', u'display_url': u'itunes.apple.com/jp/album/cruis‚Ä¶'}]",[],,,,,,,,,,0,False,low,,1008319827436453888,1008319827436453888,,,,,,False,tl,,,,,,,,,,,False,0,,,,,,,,,,,,,,,,,,,,,,,,,,,,,,,,,,,,,,,,,,,,,,,,,,,,,,,,,,,,,,,,,,,,,,,,,,,,,,,,0,0,False,,,,,,,,,,,,,,,,,,,,,,,,,,,,,,,,,,,,,,,,,,,,,,,,,,,,,,,,,,,,,,,,,,,,,,,,,,,,,,,,"<a href=""http://marsproject.dip.jp/"" rel=""nofollow"">MARS BOT Level</a>",MASAKI YODA -Cruising- on #Apple music https://t.co/qb5TeYRBhu #music #listen #Japan #information,1529237155194,False,False,Sat Nov 19 16:20:58 +0000 2011,False,False,Music information of LABEL MARS PROJECT. @Labelmars ‚úå    Establishment 1995 Since 1992. http://marsproject.info/,490,,74993,,71289,False,416383737,416383737,False,ja,232,JAPAN,bot_mars,,C0DEED,http://abs.twimg.com/images/themes/theme1/bg.png,https://abs.twimg.com/images/themes/theme1/bg.png,True,https://pbs.twimg.com/profile_banners/416383737/1396489844,http://pbs.twimg.com/profile_images/2554299817/dukt8fknzowndsecbhyb_normal.png,https://pbs.twimg.com/profile_images/2554299817/dukt8fknzowndsecbhyb_normal.png,0084B4,FFFFFF,DDEEF6,333333,True,False,LABEL_MARS_BOT,2324142,,none,http://marsproject.dip.jp/news.htm,,False
11,,,Sun Jun 17 12:06:02 +0000 2018,,"[{u'indices': [31, 42], u'text': u'iphone„ÅÇ„Çã„ÅÇ„Çã'}, {u'indices': [43, 49], u'text': u'Apple'}, {u'indices': [51, 70], u'text': u'„Éï„Ç©„É≠„Éº„Åó„Å¶„Åè„Çå„Åü‰∫∫ÂÖ®Âì°„Éï„Ç©„É≠„Éº„Åô„Çã'}]",,[],[],[],,,,,,,,,,0,False,low,,1008319859715796992,1008319859715796992,,,,,,False,ja,,,,,,,,,,,,0,,,,,,,,,,,,,,,,,,,,,,,,,,,,,,,,,,,,,,,,,,,,,,,,,,,,,,,,,,,,,,,,,,,,,,,,,,,,,,,,0,0,False,,,,,,,,,,,,,,,,,,,,,,,,,,,,,,,,,,,,,,,,,,,,,,,,,,,,,,,,,,,,,,,,,,,,,,,,,,,,,,,,"<a href=""http://twittbot.net/"" rel=""nofollow"">twittbot.net</a>","iPhone‰ø°ËÄÖ„Å´„ÅÇ„Çä„Åå„Å°„Å™„Åì„Å®

„Å®„Å´„Åã„Åè„Ç±„Éº„ÇπË≤∑„ÅÑÊºÅ„Çã

#iphone„ÅÇ„Çã„ÅÇ„Çã
#Apple 
#„Éï„Ç©„É≠„Éº„Åó„Å¶„Åè„Çå„Åü‰∫∫ÂÖ®Âì°„Éï„Ç©„É≠„Éº„Åô„Çã„ÄÇ",1529237162890,False,False,Sun Sep 15 06:51:32 +0000 2013,True,False,ios‰ø°ËÄÖ„ÅÆ„Ç§„É©„Å§„ÅèÁô∫Ë®Ä„ÇíAndroid‰ø°ËÄÖÁõÆÁ∑ö„Åß„Å§„Å∂„ÇÑ„Åèbot„Åß„Åô„ÄÇÂàùbot„Åß„Åô„Åå„Çà„Çç„Åó„Åè„ÅäÈ°ò„ÅÑ„Åó„Åæ„Åô„ÄÇ,0,,2182,,3026,False,1866570986,1866570986,False,ja,30,ÊüêÁúåÂ∫ÅÊâÄÂú®Âú∞„ÅÆ„Å®„ÅÇ„ÇãÁßÅÁ´ã‰∏≠Â≠¶,i Phone „ÅÇ„Çã„ÅÇ„Çã,,C0DEED,http://abs.twimg.com/images/themes/theme1/bg.png,https://abs.twimg.com/images/themes/theme1/bg.png,False,,http://pbs.twimg.com/profile_images/378800000459936070/80da7e3a6f853b00bd68b2e5a560c19e_normal.jpeg,https://pbs.twimg.com/profile_images/378800000459936070/80da7e3a6f853b00bd68b2e5a560c19e_normal.jpeg,1DA1F2,C0DEED,DDEEF6,333333,True,False,iphonearuarubot,99677,,none,,,False
12,,,Sun Jun 17 12:06:03 +0000 2018,,"[{u'indices': [0, 12], u'text': u'AppleWatchÔºí'}, {u'indices': [74, 86], u'text': u'AppleWatch2'}, {u'indices': [87, 90], u'text': u'Ê∞¥Ê≥≥'}, {u'indices': [91, 96], u'text': u'Ê¥ªÂãïÈáèË®à'}, {u'indices': [97, 103], u'text': u'Apple'}, {u'indices': [104, 107], u'text': u'Ê®™Êµú'}, {u'indices': [108, 112], u'text': u'Ê∏ØÂçóÂå∫'}, {u'indices': [113, 116], u'text': u'Â§ßËàπ'}]","[{u'source_user_id': 2641782151, u'source_status_id_str': u'835865214016892930', u'expanded_url': u'https://twitter.com/kounandainaika/status/835865214016892930/photo/1', u'display_url': u'pic.twitter.com/f4ldNIqgq5', u'url': u'https://t.co/f4ldNIqgq5', u'media_url_https': u'https://pbs.twimg.com/media/C5mW5__U8AASIkH.jpg', u'source_user_id_str': u'2641782151', u'source_status_id': 835865214016892930, u'id_str': u'835865129027694592', u'sizes': {u'small': {u'h': 517, u'resize': u'fit', u'w': 680}, u'large': {u'h': 750, u'resize': u'fit', u'w': 987}, u'medium': {u'h': 750, u'resize': u'fit', u'w': 987}, u'thumb': {u'h': 150, u'resize': u'crop', u'w': 150}}, u'indices': [117, 140], u'type': u'photo', u'id': 835865129027694592, u'media_url': u'http://pbs.twimg.com/media/C5mW5__U8AASIkH.jpg'}]",[],"[{u'url': u'https://t.co/QkaUWsStVR', u'indices': [50, 73], u'expanded_url': u'http://www.kounandai-clinic.net/20170220.html', u'display_url': u'kounandai-clinic.net/20170220.html'}]",[],"[{u'source_user_id': 2641782151, u'source_status_id_str': u'835865214016892930', u'expanded_url': u'https://twitter.com/kounandainaika/status/835865214016892930/photo/1', u'display_url': u'pic.twitter.com/f4ldNIqgq5', u'url': u'https://t.co/f4ldNIqgq5', u'media_url_https': u'https://pbs.twimg.com/media/C5mW5__U8AASIkH.jpg', u'source_user_id_str': u'2641782151', u'source_status_id': 835865214016892930, u'id_str': u'835865129027694592', u'sizes': {u'small': {u'h': 517, u'resize': u'fit', u'w': 680}, u'large': {u'h': 750, u'resize': u'fit', u'w': 987}, u'medium': {u'h': 750, u'resize': u'fit', u'w': 987}, u'thumb': {u'h': 150, u'resize': u'crop', u'w': 150}}, u'indices': [117, 140], u'type': u'photo', u'id': 835865129027694592, u'media_url': u'http://pbs.twimg.com/media/C5mW5__U8AASIkH.jpg'}]",,,,,,,,,0,False,low,,1008319862395977728,1008319862395977728,,,,,,False,ja,,,,,,,,,,,False,0,,,,,,,,,,,,,,,,,,,,,,,,,,,,,,,,,,,,,,,,,,,,,,,,,,,,,,,,,,,,,,,,,,,,,,,,,,,,,,,,0,0,False,,,,,,,,,,,,,,,,,,,,,,,,,,,,,,,,,,,,,,,,,,,,,,,,,,,,,,,,,,,,,,,,,,,,,,,,,,,,,,,,"<a href=""http://twittbot.net/"" rel=""nofollow"">twittbot.net</a>",#AppleWatchÔºí Ê∞¥Ê≥≥‰∏≠„ÅÆ„Ç´„É≠„É™„Éº Ë∑ùÈõ¢„Å™„Å©Ë®òÈå≤ÂèØËÉΩ„ÄÇÂÆüÈöõ„Çπ„Ç§„Éü„É≥„Ç∞„ÉØ„Éº„ÇØ„Ç¢„Ç¶„Éà„ÅÆ„É¨„Éì„É•„Éº https://t.co/QkaUWsStVR #AppleWatch2 #Ê∞¥Ê≥≥ #Ê¥ªÂãïÈáèË®à #Apple #Ê®™Êµú #Ê∏ØÂçóÂå∫ #Â§ßËàπ https://t.co/f4ldNIqgq5,1529237163529,False,False,Mon Jul 14 01:42:16 +0000 2014,False,False,Á≥ñÂ∞øÁóÖ ÁîüÊ¥ªÁøíÊÖ£ÁóÖ ÂÜÖË¶ñÈè° Ë™çÁü•Áóá„ÇÑÁâ©Âøò„ÇåÁõ∏Ë´á ‰∏ÄËà¨ÂÜÖÁßë„ÅÆ„ÄåÊ∏ØÂçóÂè∞ÂÜÖÁßë„ÇØ„É™„Éã„ÉÉ„ÇØ„Äç„ÅÆ„Ç¢„Ç´„Ç¶„É≥„Éà„Åß„Åô„ÄÇ ‚òÖÂÅ•Â∫∑„Å´ÂΩπÁ´ã„Å§ÊÉÖÂ†±„ÇÑ„ÄÅ„Åï„Çâ„Å´„ÅØÂåªÁôÇ‰ª•Â§ñ„ÇÇ„ÄÅÊ∞ó„Å´„Å™„Çã„Ç≥„Éà„ÄÅ„É¢„Éé„ÄÅÂëü„Åç„Åæ„Åô„ÄÇ‚òÖ„Åî‰∫àÁ¥Ñ„Éª„ÅîË≥™Âïè„Å™„Å©„ÅØ„ÄÅÁõ¥Êé•„ÅäÈõªË©±„Å´„Å¶„ÄÇ„Éï„Çß„Ç§„Çπ„Éñ„ÉÉ„ÇØ„ÇÇ„ÇÑ„Å£„Å¶„Åæ„Åô https://www.facebook.com/kounandai,53,,373,,491,False,2641782151,2641782151,False,ja,41,Ê®™ÊµúÂ∏ÇÊ∏ØÂçóÂå∫Ê∏ØÂçóÂè∞,Ê∏ØÂçóÂè∞ÂÜÖÁßë„ÇØ„É™„Éã„ÉÉ„ÇØ,,C0DEED,http://abs.twimg.com/images/themes/theme1/bg.png,https://abs.twimg.com/images/themes/theme1/bg.png,False,https://pbs.twimg.com/profile_banners/2641782151/1454860088,http://pbs.twimg.com/profile_images/979790030934716416/Htt1_xj5_normal.jpg,https://pbs.twimg.com/profile_images/979790030934716416/Htt1_xj5_normal.jpg,0084B4,FFFFFF,DDEEF6,333333,True,False,kounandainaika,20825,,none,http://www.kounandai-clinic.net/,,False
13,,,Sun Jun 17 12:06:04 +0000 2018,,"[{u'indices': [26, 32], u'text': u'Apple'}, {u'indices': [63, 69], u'text': u'music'}, {u'indices': [70, 77], u'text': u'listen'}, {u'indices': [78, 84], u'text': u'Japan'}, {u'indices': [85, 97], u'text': u'information'}]",,[],"[{u'url': u'https://t.co/pMYAmMxPzF', u'indices': [39, 62], u'expanded_url': u'https://itunes.apple.com/jp/album/for-dear/1214636683?i=1214636692', u'display_url': u'itunes.apple.com/jp/album/for-d‚Ä¶'}]",[],,,,,,,,,,0,False,low,,1008319865155776512,1008319865155776512,,,,,,False,en,,,,,,,,,,,False,0,,,,,,,,,,,,,,,,,,,,,,,,,,,,,,,,,,,,,,,,,,,,,,,,,,,,,,,,,,,,,,,,,,,,,,,,,,,,,,,,0,0,False,,,,,,,,,,,,,,,,,,,,,,,,,,,,,,,,,,,,,,,,,,,,,,,,,,,,,,,,,,,,,,,,,,,,,,,,,,,,,,,,"<a href=""http://marsproject.dip.jp/"" rel=""nofollow"">MARS BOT Level</a>",MASAKI YODA -for dear- on #Apple music https://t.co/pMYAmMxPzF #music #listen #Japan #information,1529237164187,False,False,Sat Nov 19 16:20:58 +0000 2011,False,False,Music information of LABEL MARS PROJECT. @Labelmars ‚úå    Establishment 1995 Since 1992. http://marsproject.info/,490,,74993,,71289,False,416383737,416383737,False,ja,232,JAPAN,bot_mars,,C0DEED,http://abs.twimg.com/images/themes/theme1/bg.png,https://abs.twimg.com/images/themes/theme1/bg.png,True,https://pbs.twimg.com/profile_banners/416383737/1396489844,http://pbs.twimg.com/profile_images/2554299817/dukt8fknzowndsecbhyb_normal.png,https://pbs.twimg.com/profile_images/2554299817/dukt8fknzowndsecbhyb_normal.png,0084B4,FFFFFF,DDEEF6,333333,True,False,LABEL_MARS_BOT,2324144,,none,http://marsproject.dip.jp/news.htm,,False
14,,,Sun Jun 17 12:06:15 +0000 2018,,"[{u'indices': [93, 97], u'text': u'ios'}, {u'indices': [98, 105], u'text': u'iosdev'}, {u'indices': [106, 112], u'text': u'apple'}]",,[],"[{u'url': u'https://t.co/7a0Mladizo', u'indices': [69, 92], u'expanded_url': u'http://bit.ly/2LYTwOo', u'display_url': u'bit.ly/2LYTwOo'}]",[],,,,,,,,,,0,False,low,,1008319911083626496,1008319911083626496,,,,,,False,en,,,,,,,,,,,False,0,,,,,,,,,,,,,,,,,,,,,,,,,,,,,,,,,,,,,,,,,,,,,,,,,,,,,,,,,,,,,,,,,,,,,,,,,,,,,,,,0,0,False,,,,,,,,,,,,,,,,,,,,,,,,,,,,,,,,,,,,,,,,,,,,,,,,,,,,,,,,,,,,,,,,,,,,,,,,,,,,,,,,"<a href=""http://iosnews.io"" rel=""nofollow"">iOS News Twitter App</a>",Today in Apple history: Steve Jobs‚Äô daughter Lisa is born - iOS News https://t.co/7a0Mladizo #ios #iosdev #apple,1529237175137,False,False,Mon Aug 14 10:37:22 +0000 2017,True,False,Unofficial community collated news and stories about Apple and iOS.,10,,114,,375,False,897044468049825793,897044468049825793,False,en-gb,2,,iOS News,,F5F8FA,,,False,,http://pbs.twimg.com/profile_images/908327526505873408/iw_EPsg8_normal.png,https://pbs.twimg.com/profile_images/908327526505873408/iw_EPsg8_normal.png,1DA1F2,C0DEED,DDEEF6,333333,True,False,iosnews_io,13750,,none,http://iosnews.io,,False
15,,,Sun Jun 17 12:06:15 +0000 2018,,"[{u'indices': [84, 90], u'text': u'Apple'}, {u'indices': [91, 100], u'text': u'AirPower'}, {u'indices': [101, 115], u'text': u'AppleAirPower'}]","[{u'source_user_id': 289945091, u'source_status_id_str': u'1007875870302748673', u'expanded_url': u'https://twitter.com/beebomco/status/1007875870302748673/photo/1', u'display_url': u'pic.twitter.com/ZXpkLpybTy', u'url': u'https://t.co/ZXpkLpybTy', u'media_url_https': u'https://pbs.twimg.com/media/DfyxwdIUEAA6tWV.jpg', u'source_user_id_str': u'289945091', u'source_status_id': 1007875870302748673, u'id_str': u'1007875862635483136', u'sizes': {u'small': {u'h': 412, u'resize': u'fit', u'w': 680}, u'large': {u'h': 727, u'resize': u'fit', u'w': 1200}, u'medium': {u'h': 727, u'resize': u'fit', u'w': 1200}, u'thumb': {u'h': 150, u'resize': u'crop', u'w': 150}}, u'indices': [116, 139], u'type': u'photo', u'id': 1007875862635483136, u'media_url': u'http://pbs.twimg.com/media/DfyxwdIUEAA6tWV.jpg'}]",[],[],"[{u'indices': [3, 12], u'id_str': u'289945091', u'screen_name': u'beebomco', u'name': u'Beebom', u'id': 289945091}]","[{u'source_user_id': 289945091, u'source_status_id_str': u'1007875870302748673', u'expanded_url': u'https://twitter.com/beebomco/status/1007875870302748673/photo/1', u'display_url': u'pic.twitter.com/ZXpkLpybTy', u'url': u'https://t.co/ZXpkLpybTy', u'media_url_https': u'https://pbs.twimg.com/media/DfyxwdIUEAA6tWV.jpg', u'source_user_id_str': u'289945091', u'source_status_id': 1007875870302748673, u'id_str': u'1007875862635483136', u'sizes': {u'small': {u'h': 412, u'resize': u'fit', u'w': 680}, u'large': {u'h': 727, u'resize': u'fit', u'w': 1200}, u'medium': {u'h': 727, u'resize': u'fit', u'w': 1200}, u'thumb': {u'h': 150, u'resize': u'crop', u'w': 150}}, u'indices': [116, 139], u'type': u'photo', u'id': 1007875862635483136, u'media_url': u'http://pbs.twimg.com/media/DfyxwdIUEAA6tWV.jpg'}]",,,,,,,,,0,False,low,,1008319911591120896,1008319911591120896,,,,,,False,en,,,,,,,,,,,False,0,,,,,,,,,,,,,,,,,,,,,,,,,,,,,,,,,,,,,,,,,,,,,,,,,,,,,,,,,,,,,,,,,,,,,,,,,,,,,,,,0,0,False,,,Sat Jun 16 06:41:47 +0000 2018,"[0, 101]","[{u'indices': [70, 76], u'text': u'Apple'}, {u'indices': [77, 86], u'text': u'AirPower'}, {u'indices': [87, 101], u'text': u'AppleAirPower'}]","[{u'expanded_url': u'https://twitter.com/beebomco/status/1007875870302748673/photo/1', u'display_url': u'pic.twitter.com/ZXpkLpybTy', u'url': u'https://t.co/ZXpkLpybTy', u'media_url_https': u'https://pbs.twimg.com/media/DfyxwdIUEAA6tWV.jpg', u'id_str': u'1007875862635483136', u'sizes': {u'small': {u'h': 412, u'w': 680, u'resize': u'fit'}, u'large': {u'h': 727, u'w': 1200, u'resize': u'fit'}, u'medium': {u'h': 727, u'w': 1200, u'resize': u'fit'}, u'thumb': {u'h': 150, u'w': 150, u'resize': u'crop'}}, u'indices': [102, 125], u'type': u'photo', u'id': 1007875862635483136, u'media_url': u'http://pbs.twimg.com/media/DfyxwdIUEAA6tWV.jpg'}]",[],[],[],"[{u'expanded_url': u'https://twitter.com/beebomco/status/1007875870302748673/photo/1', u'display_url': u'pic.twitter.com/ZXpkLpybTy', u'url': u'https://t.co/ZXpkLpybTy', u'media_url_https': u'https://pbs.twimg.com/media/DfyxwdIUEAA6tWV.jpg', u'id_str': u'1007875862635483136', u'sizes': {u'small': {u'h': 412, u'w': 680, u'resize': u'fit'}, u'large': {u'h': 727, u'w': 1200, u'resize': u'fit'}, u'medium': {u'h': 727, u'w': 1200, u'resize': u'fit'}, u'thumb': {u'h': 150, u'w': 150, u'resize': u'crop'}}, u'indices': [102, 125], u'type': u'photo', u'id': 1007875862635483136, u'media_url': u'http://pbs.twimg.com/media/DfyxwdIUEAA6tWV.jpg'}]",,,,,,,,,337.0,False,low,,1.0078758703e+18,1007875870302748673,,,,,,False,en,,False,1.0,6.0,34.0,False,"<a href=""http://twitter.com"" rel=""nofollow"">Twitter Web Client</a>","It's been 277 days since the announcement. No news about the launch.

#Apple #AirPower #AppleAirPower https://t.co/ZXpkLpybTy",False,False,Fri Apr 29 13:52:12 +0000 2011,False,False,"Beebom provides useful digital tips and resources on software, apps and gadgets you can‚Äôt live without. http://beebom.com/",1267.0,,39781.0,,190.0,True,289945091.0,289945091,False,en,205.0,New Delhi,Beebom,,000000,http://abs.twimg.com/images/themes/theme1/bg.png,https://abs.twimg.com/images/themes/theme1/bg.png,True,https://pbs.twimg.com/profile_banners/289945091/1495811063,http://pbs.twimg.com/profile_images/948077051310874624/CTZ8fWoF_normal.jpg,https://pbs.twimg.com/profile_images/948077051310874624/CTZ8fWoF_normal.jpg,33C2C0,C0DEED,DDEEF6,333333,False,False,beebomco,14326.0,,none,https://play.google.com/store/apps/details?id=com.beebom.app.beebom,,False,"<a href=""http://twitter.com/download/android"" rel=""nofollow"">Twitter for Android</a>","RT @beebomco: It's been 277 days since the announcement. No news about the launch.

#Apple #AirPower #AppleAirPower https://t.co/ZXpkLpybTy",1529237175258,False,False,Thu Dec 21 15:37:45 +0000 2017,True,False,Hƒ´ƒ´S,1693,,35,,283,False,943868098922340357,943868098922340357,False,en,0,,Steve,,F5F8FA,,,False,https://pbs.twimg.com/profile_banners/943868098922340357/1521121948,http://pbs.twimg.com/profile_images/943869214896672769/fQxcbsum_normal.jpg,https://pbs.twimg.com/profile_images/943869214896672769/fQxcbsum_normal.jpg,1DA1F2,C0DEED,DDEEF6,333333,True,False,SVirtualWare,850,,none,,,False
16,,,Sun Jun 17 12:06:18 +0000 2018,,"[{u'indices': [24, 30], u'text': u'Apple'}, {u'indices': [61, 67], u'text': u'music'}, {u'indices': [68, 75], u'text': u'listen'}, {u'indices': [76, 82], u'text': u'Japan'}, {u'indices': [83, 95], u'text': u'information'}]",,[],"[{u'url': u'https://t.co/YgycPCnjTm', u'indices': [37, 60], u'expanded_url': u'https://itunes.apple.com/jp/album/universe/id1124450387?i=1124450593', u'display_url': u'itunes.apple.com/jp/album/unive‚Ä¶'}]",[],,,,,,,,,,0,False,low,,1008319926103207936,1008319926103207936,,,,,,False,en,,,,,,,,,,,False,0,,,,,,,,,,,,,,,,,,,,,,,,,,,,,,,,,,,,,,,,,,,,,,,,,,,,,,,,,,,,,,,,,,,,,,,,,,,,,,,,0,0,False,,,,,,,,,,,,,,,,,,,,,,,,,,,,,,,,,,,,,,,,,,,,,,,,,,,,,,,,,,,,,,,,,,,,,,,,,,,,,,,,"<a href=""http://marsproject.dip.jp/"" rel=""nofollow"">MARS BOT Level</a>",Ê°ú(sakura) -UNIVERSE- on #Apple music https://t.co/YgycPCnjTm #music #listen #Japan #information,1529237178718,False,False,Sat Nov 19 16:20:58 +0000 2011,False,False,Music information of LABEL MARS PROJECT. @Labelmars ‚úå    Establishment 1995 Since 1992. http://marsproject.info/,490,,74993,,71289,False,416383737,416383737,False,ja,232,JAPAN,bot_mars,,C0DEED,http://abs.twimg.com/images/themes/theme1/bg.png,https://abs.twimg.com/images/themes/theme1/bg.png,True,https://pbs.twimg.com/profile_banners/416383737/1396489844,http://pbs.twimg.com/profile_images/2554299817/dukt8fknzowndsecbhyb_normal.png,https://pbs.twimg.com/profile_images/2554299817/dukt8fknzowndsecbhyb_normal.png,0084B4,FFFFFF,DDEEF6,333333,True,False,LABEL_MARS_BOT,2324147,,none,http://marsproject.dip.jp/news.htm,,False
17,,,Sun Jun 17 12:06:33 +0000 2018,,[],,[],[],"[{u'indices': [3, 19], u'id_str': u'930477307759751168', u'screen_name': u'shingekinoapple', u'name': u'ÈÄ≤ÊíÉ„ÅÆ„Ç¢„ÉÉ„Éó„É´üçé', u'id': 930477307759751168}]",,,,,,,,,,0,False,low,,1008319988891914242,1008319988891914242,,,,,,False,ja,,,,,,,,,,,,0,,,,,,,,,,,,,,,,,,,,,,,,,,,,,,,,,,,,,,,,,,,,,,,,,,,,,,,,,,,,,,,,,,,,,,,,,,,,,,,,0,0,False,,,Wed Jun 13 06:10:09 +0000 2018,"[0, 140]",[],,[],"[{u'url': u'https://t.co/LqLb1RGxdf', u'indices': [125, 148], u'expanded_url': u'https://twitter.com/i/web/status/1006780745652883457', u'display_url': u'twitter.com/i/web/status/1‚Ä¶'}]",[],,"[0, 178]","[{u'indices': [137, 145], u'text': u'„Éó„É¨„Çº„É≥„Éà‰ºÅÁîª'}, {u'indices': [146, 158], u'text': u'iPhone8Plus'}, {u'indices': [159, 165], u'text': u'Apple'}, {u'indices': [166, 171], u'text': u'Ê©üÁ®ÆÂ§âÊõ¥'}, {u'indices': [173, 178], u'text': u'Êê∫Â∏ØÊïÖÈöú'}]","[{u'expanded_url': u'https://twitter.com/shingekinoapple/status/1006780745652883457/photo/1', u'sizes': {u'small': {u'h': 680, u'resize': u'fit', u'w': 510}, u'large': {u'h': 2048, u'resize': u'fit', u'w': 1536}, u'medium': {u'h': 1200, u'resize': u'fit', u'w': 900}, u'thumb': {u'h': 150, u'resize': u'crop', u'w': 150}}, u'url': u'https://t.co/9Z4H09w5Xy', u'media_url_https': u'https://pbs.twimg.com/media/DfjNZgwXcAAMlUp.jpg', u'id_str': u'1006780354890526720', u'indices': [179, 202], u'media_url': u'http://pbs.twimg.com/media/DfjNZgwXcAAMlUp.jpg', u'type': u'photo', u'id': 1006780354890526720, u'display_url': u'pic.twitter.com/9Z4H09w5Xy'}]",[],[],[],"[{u'expanded_url': u'https://twitter.com/shingekinoapple/status/1006780745652883457/photo/1', u'sizes': {u'small': {u'h': 680, u'resize': u'fit', u'w': 510}, u'large': {u'h': 2048, u'resize': u'fit', u'w': 1536}, u'medium': {u'h': 1200, u'resize': u'fit', u'w': 900}, u'thumb': {u'h': 150, u'resize': u'crop', u'w': 150}}, u'url': u'https://t.co/9Z4H09w5Xy', u'media_url_https': u'https://pbs.twimg.com/media/DfjNZgwXcAAMlUp.jpg', u'id_str': u'1006780354890526720', u'indices': [179, 202], u'media_url': u'http://pbs.twimg.com/media/DfjNZgwXcAAMlUp.jpg', u'type': u'photo', u'id': 1006780354890526720, u'display_url': u'pic.twitter.com/9Z4H09w5Xy'}]","üçéiPhone8„Éó„É¨„Çº„É≥„Éà‰ºÅÁîªüçè

iPhone8Plus„ÄÄ„Ç∑„É´„Éê„Éº256GBÊú¨‰Ωì„Çí1Âêç„Å´ÊäΩÈÅ∏„Åß„Éó„É¨„Çº„É≥„ÉàüéÅ

„ÄêÂèÇÂä†ÊñπÊ≥ï„Äë„Éï„Ç©„É≠„Éº&amp;RT„ÄÄ‚Äª‰∏°Êñπ„ÅäÈ°ò„ÅÑËá¥„Åó„Åæ„Åô

„ÄêÂèÇÂä†ÊúüÈñì„Äë6Êúà18Êó•ÔºàÊúàÔºâ„Åæ„Åß

‚Äª„Éï„Ç©„É≠„Éº&amp;RTÂæå„Å´DM„Å´„Å¶Áç≤ÂæóÊñπÊ≥ï„Çí„ÅîÈÄ£Áµ°„Åó„Åæ„Åô‚ÄºÔ∏è

#„Éó„É¨„Çº„É≥„Éà‰ºÅÁîª
#iPhone8Plus
#Apple
#Ê©üÁ®ÆÂ§âÊõ¥ 
#Êê∫Â∏ØÊïÖÈöú https://t.co/9Z4H09w5Xy",75.0,False,low,,1.00678074565e+18,1006780745652883457,,,,,,False,ja,,False,0.0,7.0,168.0,False,"<a href=""http://twitter.com"" rel=""nofollow"">Twitter Web Client</a>","üçéiPhone8„Éó„É¨„Çº„É≥„Éà‰ºÅÁîªüçè

iPhone8Plus„ÄÄ„Ç∑„É´„Éê„Éº256GBÊú¨‰Ωì„Çí1Âêç„Å´ÊäΩÈÅ∏„Åß„Éó„É¨„Çº„É≥„ÉàüéÅ

„ÄêÂèÇÂä†ÊñπÊ≥ï„Äë„Éï„Ç©„É≠„Éº&amp;RT„ÄÄ‚Äª‰∏°Êñπ„ÅäÈ°ò„ÅÑËá¥„Åó„Åæ„Åô

„ÄêÂèÇÂä†ÊúüÈñì„Äë6Êúà18Êó•ÔºàÊúàÔºâ„Åæ„Åß

‚Äª„Éï„Ç©„É≠„Éº&amp;RTÂæå„Å´DM„Å´„Å¶Áç≤‚Ä¶ https://t.co/LqLb1RGxdf",True,False,Tue Nov 14 16:47:32 +0000 2017,False,False,„ÄêÂ§ß‰∫∫Ê∞ó„ÄëAppleË£ΩÂìÅ„ÉªiTunes Card„Éó„É¨„Çº„É≥„Éà‰ºÅÁîªÂÆüÊñΩ‰∏≠‚ÄºÔ∏è Áç≤ÂæóÊñπÊ≥ï„ÅØ„Éï„Ç©„É≠„ÉºÔºÜRTÂæå„ÄÅDM„Å´„Å¶„ÅäÁü•„Çâ„ÅõËá¥„Åó„Åæ„ÅôüòÉAppleË£ΩÂìÅ„ÇÑiPhone„Ç¢„ÇØ„Çª„Çµ„É™„ÉºÁ≠â„ÅÆÊÉÖÂ†±„ÇÇÁô∫‰ø°üì°LINE@„ÇíÂèãÈÅîÁôªÈå≤È†Ç„Åè„Å®ÂΩìÈÅ∏ÁéáUP LINEÔº† https://goo.gl/5okwrA„Åü„Åè„Åï„Çì„ÅÆÂèÇÂä†„ÅäÂæÖ„Å°„Åó„Å¶„Åä„Çä„Åæ„ÅôüòÜ,169.0,,1719.0,,1627.0,False,9.3047730776e+17,930477307759751168,False,ja,3.0,Êó•Êú¨ Êù±‰∫¨,ÈÄ≤ÊíÉ„ÅÆ„Ç¢„ÉÉ„Éó„É´üçé,,000000,http://abs.twimg.com/images/themes/theme1/bg.png,https://abs.twimg.com/images/themes/theme1/bg.png,False,https://pbs.twimg.com/profile_banners/930477307759751168/1516863935,http://pbs.twimg.com/profile_images/956405496671494144/BMzU1HIo_normal.jpg,https://pbs.twimg.com/profile_images/956405496671494144/BMzU1HIo_normal.jpg,E81C4F,000000,000000,000000,False,False,shingekinoapple,242.0,,none,,,False,"<a href=""http://twitter.com/download/iphone"" rel=""nofollow"">Twitter for iPhone</a>","RT @shingekinoapple: üçéiPhone8„Éó„É¨„Çº„É≥„Éà‰ºÅÁîªüçè

iPhone8Plus„ÄÄ„Ç∑„É´„Éê„Éº256GBÊú¨‰Ωì„Çí1Âêç„Å´ÊäΩÈÅ∏„Åß„Éó„É¨„Çº„É≥„ÉàüéÅ

„ÄêÂèÇÂä†ÊñπÊ≥ï„Äë„Éï„Ç©„É≠„Éº&amp;RT„ÄÄ‚Äª‰∏°Êñπ„ÅäÈ°ò„ÅÑËá¥„Åó„Åæ„Åô

„ÄêÂèÇÂä†ÊúüÈñì„Äë6Êúà18Êó•ÔºàÊúàÔºâ„Åæ„Åß

‚Äª„Éï„Ç©„É≠„Éº&amp;RTÂæå„Å´DM„Å´„Å¶Áç≤ÂæóÊñπÊ≥ï‚Ä¶",1529237193688,False,False,Sun Jun 17 11:51:08 +0000 2018,True,False,,2,,1,,7,False,1008316106065379333,1008316106065379333,False,en,0,,„Åª„Åü„Å¶,,F5F8FA,,,False,,http://abs.twimg.com/sticky/default_profile_images/default_profile_normal.png,https://abs.twimg.com/sticky/default_profile_images/default_profile_normal.png,1DA1F2,C0DEED,DDEEF6,333333,True,False,bmXyhRqaqd4gTrU,16,,none,,,False
18,,,Sun Jun 17 12:06:33 +0000 2018,"[0, 140]","[{u'indices': [13, 19], u'text': u'Apple'}]",,[],"[{u'url': u'https://t.co/dKuZmxXrfW', u'indices': [117, 140], u'expanded_url': u'https://twitter.com/i/web/status/1008319988573392896', u'display_url': u'twitter.com/i/web/status/1‚Ä¶'}]",[],,"[0, 271]","[{u'indices': [13, 19], u'text': u'Apple'}, {u'indices': [225, 232], u'text': u'libros'}, {u'indices': [233, 244], u'text': u'AppleBooks'}, {u'indices': [245, 252], u'text': u'iBooks'}, {u'indices': [253, 271], u'text': u'PorSiTeLoPerdiste'}]","[{u'expanded_url': u'https://twitter.com/LibrosdeBabel/status/1008319988573392896/photo/1', u'display_url': u'pic.twitter.com/SPx3DhDFJK', u'url': u'https://t.co/SPx3DhDFJK', u'media_url_https': u'https://pbs.twimg.com/media/Df5ElboX0AA0Biz.jpg', u'id_str': u'1008318776440508416', u'sizes': {u'large': {u'h': 813, u'w': 1280, u'resize': u'fit'}, u'small': {u'h': 432, u'w': 680, u'resize': u'fit'}, u'medium': {u'h': 762, u'w': 1200, u'resize': u'fit'}, u'thumb': {u'h': 150, u'w': 150, u'resize': u'crop'}}, u'indices': [272, 295], u'type': u'photo', u'id': 1008318776440508416, u'media_url': u'http://pbs.twimg.com/media/Df5ElboX0AA0Biz.jpg'}]",[],"[{u'url': u'https://t.co/J8pZk0crlH', u'indices': [201, 224], u'expanded_url': u'https://librosdebabel.tumblr.com/post/174854265680/ibooks-nueva-apple-books', u'display_url': u'librosdebabel.tumblr.com/post/174854265‚Ä¶'}]",[],"[{u'expanded_url': u'https://twitter.com/LibrosdeBabel/status/1008319988573392896/photo/1', u'display_url': u'pic.twitter.com/SPx3DhDFJK', u'url': u'https://t.co/SPx3DhDFJK', u'media_url_https': u'https://pbs.twimg.com/media/Df5ElboX0AA0Biz.jpg', u'id_str': u'1008318776440508416', u'sizes': {u'large': {u'h': 813, u'w': 1280, u'resize': u'fit'}, u'small': {u'h': 432, u'w': 680, u'resize': u'fit'}, u'medium': {u'h': 762, u'w': 1200, u'resize': u'fit'}, u'thumb': {u'h': 150, u'w': 150, u'resize': u'crop'}}, u'indices': [272, 295], u'type': u'photo', u'id': 1008318776440508416, u'media_url': u'http://pbs.twimg.com/media/Df5ElboX0AA0Biz.jpg'}]","Esta semana, #Apple ha terminado el lavado de cara de su servicio de venta y lectura de libros electr√≥nicos que, entre otras cosas, cambia su nombre iBooks para llamarse Apple Books a partir de ahora. https://t.co/J8pZk0crlH #libros #AppleBooks #iBooks #PorSiTeLoPerdiste https://t.co/SPx3DhDFJK",0,False,low,,1008319988573392896,1008319988573392896,LibrosdeBabel,1008319986522312704,1008319986522312704,2513360395,2513360395,False,es,,,,,,,,,,,False,0,,,,,,,,,,,,,,,,,,,,,,,,,,,,,,,,,,,,,,,,,,,,,,,,,,,,,,,,,,,,,,,,,,,,,,,,,,,,,,,,0,0,False,,,,,,,,,,,,,,,,,,,,,,,,,,,,,,,,,,,,,,,,,,,,,,,,,,,,,,,,,,,,,,,,,,,,,,,,,,,,,,,,"<a href=""http://twitter.com"" rel=""nofollow"">Twitter Web Client</a>","Esta semana, #Apple ha terminado el lavado de cara de su servicio de venta y lectura de libros electr√≥nicos que, en‚Ä¶ https://t.co/dKuZmxXrfW",1529237193612,True,False,Wed May 21 18:40:56 +0000 2014,False,False,"Noticias sobre libros, autores, librer√≠as y editoriales y todo lo que tenga que ver con ellos.",373,,319,,142,False,2513360395,2513360395,False,es,20,"Gelves, Sevilla (Spain)",Libros de Babel,,1A1B1F,http://abs.twimg.com/images/themes/theme9/bg.gif,https://abs.twimg.com/images/themes/theme9/bg.gif,False,https://pbs.twimg.com/profile_banners/2513360395/1417459320,http://pbs.twimg.com/profile_images/539489486355169280/Z8u6wMVC_normal.jpeg,https://pbs.twimg.com/profile_images/539489486355169280/Z8u6wMVC_normal.jpeg,ABB8C2,C0DEED,DDEEF6,333333,True,False,LibrosdeBabel,4019,,none,http://www.librosdebabel.com,,False
19,,,Sun Jun 17 12:06:39 +0000 2018,"[25, 104]","[{u'indices': [32, 38], u'text': u'Apple'}, {u'indices': [39, 47], u'text': u'IphoneX'}]",,[],[],"[{u'indices': [0, 11], u'id_str': u'282454048', u'screen_name': u'GurpreetGK', u'name': u'Gurpreet Singh Sandhu', u'id': 282454048}, {u'indices': [12, 24], u'id_str': u'1563626983', u'screen_name': u'bengalurufc', u'name': u'Bengaluru FC', u'id': 1563626983}, {u'indices': [86, 98], u'id_str': u'1563626983', u'screen_name': u'bengalurufc', u'name': u'Bengaluru FC', u'id': 1563626983}]",,,,,,,,,,0,False,low,,1008320012128485377,1008320012128485377,GurpreetGK,1008264839347621890,1008264839347621890,282454048,282454048,False,en,,,,,,,,,,,,0,,,,,,,,,,,,,,,,,,,,,,,,,,,,,,,,,,,,,,,,,,,,,,,,,,,,,,,,,,,,,,,,,,,,,,,,,,,,,,,,0,0,False,,,,,,,,,,,,,,,,,,,,,,,,,,,,,,,,,,,,,,,,,,,,,,,,,,,,,,,,,,,,,,,,,,,,,,,,,,,,,,,,"<a href=""http://twitter.com/download/android"" rel=""nofollow"">Twitter for Android</a>","@GurpreetGK @bengalurufc It's a #Apple #IphoneX Champions.  
As a inception gift from @bengalurufc club.",1529237199228,False,False,Sat Apr 21 04:43:43 +0000 2012,True,False,"Unconditionally Lifetime fans of @KKRiders @FCBarcelona  @ABdeVilliers17 @iamSRK #KatrinaKaif #Leonal_Messi @WorldATK #MB. 
.
.
#Please... Turn off my Retweets.",11954,,218,,136,True,559205113,559205113,False,en,13,"Barrackpore, Kolkata, IN",Raja Karmakar,,C0DEED,http://abs.twimg.com/images/themes/theme1/bg.png,https://abs.twimg.com/images/themes/theme1/bg.png,False,https://pbs.twimg.com/profile_banners/559205113/1506357249,http://pbs.twimg.com/profile_images/878587034054533120/qz4pXb6F_normal.jpg,https://pbs.twimg.com/profile_images/878587034054533120/qz4pXb6F_normal.jpg,1DA1F2,C0DEED,DDEEF6,333333,True,False,myslfRaja,19231,,none,https://m.facebook.com/rajakarmakar927,,False
20,,,Sun Jun 17 12:06:51 +0000 2018,,"[{u'indices': [25, 31], u'text': u'Apple'}, {u'indices': [62, 68], u'text': u'music'}, {u'indices': [69, 76], u'text': u'listen'}, {u'indices': [77, 83], u'text': u'Japan'}, {u'indices': [84, 96], u'text': u'information'}]",,[],"[{u'url': u'https://t.co/sEjfp65bCP', u'indices': [38, 61], u'expanded_url': u'https://itunes.apple.com/jp/album/passive/id1194620043?i=1194620436', u'display_url': u'itunes.apple.com/jp/album/passi‚Ä¶'}]",[],,,,,,,,,,0,False,low,,1008320063173058561,1008320063173058561,,,,,,False,en,,,,,,,,,,,False,0,,,,,,,,,,,,,,,,,,,,,,,,,,,,,,,,,,,,,,,,,,,,,,,,,,,,,,,,,,,,,,,,,,,,,,,,,,,,,,,,0,0,False,,,,,,,,,,,,,,,,,,,,,,,,,,,,,,,,,,,,,,,,,,,,,,,,,,,,,,,,,,,,,,,,,,,,,,,,,,,,,,,,"<a href=""http://marsproject.dip.jp/"" rel=""nofollow"">world on mars bot</a>",MASAKI YODA -Passive- on #Apple music https://t.co/sEjfp65bCP #music #listen #Japan #information,1529237211398,False,False,Sun May 20 08:42:32 +0000 2012,False,False,‚úå @Labelmars,161,,54258,,45575,False,585490397,585490397,False,ja,164,,world_on_mars,,C0DEED,http://abs.twimg.com/images/themes/theme1/bg.png,https://abs.twimg.com/images/themes/theme1/bg.png,True,https://pbs.twimg.com/profile_banners/585490397/1359017326,http://pbs.twimg.com/profile_images/2235928789/Earth_normal.jpg,https://pbs.twimg.com/profile_images/2235928789/Earth_normal.jpg,0084B4,FFFFFF,DDEEF6,333333,True,False,mars_on_world,1760217,,none,,,False
21,,,Sun Jun 17 12:07:00 +0000 2018,,"[{u'indices': [34, 40], u'text': u'Apple'}, {u'indices': [71, 77], u'text': u'music'}, {u'indices': [78, 85], u'text': u'listen'}, {u'indices': [86, 92], u'text': u'Japan'}, {u'indices': [93, 105], u'text': u'information'}]",,[],"[{u'url': u'https://t.co/9zOTepySXL', u'indices': [47, 70], u'expanded_url': u'https://itunes.apple.com/jp/album/think-your-heart/id1146960698?i=1146961045', u'display_url': u'itunes.apple.com/jp/album/think‚Ä¶'}]",[],,,,,,,,,,0,False,low,,1008320100955402245,1008320100955402245,,,,,,False,en,,,,,,,,,,,False,0,,,,,,,,,,,,,,,,,,,,,,,,,,,,,,,,,,,,,,,,,,,,,,,,,,,,,,,,,,,,,,,,,,,,,,,,,,,,,,,,0,0,False,,,,,,,,,,,,,,,,,,,,,,,,,,,,,,,,,,,,,,,,,,,,,,,,,,,,,,,,,,,,,,,,,,,,,,,,,,,,,,,,"<a href=""http://marsproject.dip.jp/"" rel=""nofollow"">world on mars bot</a>",MASAKI YODA -Think Your Heart- on #Apple music https://t.co/9zOTepySXL #music #listen #Japan #information,1529237220406,False,False,Sun May 20 08:42:32 +0000 2012,False,False,‚úå @Labelmars,161,,54258,,45575,False,585490397,585490397,False,ja,164,,world_on_mars,,C0DEED,http://abs.twimg.com/images/themes/theme1/bg.png,https://abs.twimg.com/images/themes/theme1/bg.png,True,https://pbs.twimg.com/profile_banners/585490397/1359017326,http://pbs.twimg.com/profile_images/2235928789/Earth_normal.jpg,https://pbs.twimg.com/profile_images/2235928789/Earth_normal.jpg,0084B4,FFFFFF,DDEEF6,333333,True,False,mars_on_world,1760218,,none,,,False
22,,,Sun Jun 17 12:07:05 +0000 2018,"[0, 140]","[{u'indices': [17, 26], u'text': u'unedited'}, {u'indices': [30, 39], u'text': u'mastered'}, {u'indices': [74, 81], u'text': u'lyrics'}, {u'indices': [82, 87], u'text': u'song'}, {u'indices': [109, 115], u'text': u'music'}]",,[],"[{u'url': u'https://t.co/SgvTKcwiAI', u'indices': [117, 140], u'expanded_url': u'https://twitter.com/i/web/status/1008320120240799744', u'display_url': u'twitter.com/i/web/status/1‚Ä¶'}]",[],,"[0, 273]","[{u'indices': [17, 26], u'text': u'unedited'}, {u'indices': [30, 39], u'text': u'mastered'}, {u'indices': [74, 81], u'text': u'lyrics'}, {u'indices': [82, 87], u'text': u'song'}, {u'indices': [109, 115], u'text': u'music'}, {u'indices': [116, 125], u'text': u'composer'}, {u'indices': [126, 136], u'text': u'ipadmusic'}, {u'indices': [137, 147], u'text': u'classical'}, {u'indices': [148, 161], u'text': u'experimental'}, {u'indices': [162, 173], u'text': u'industrial'}, {u'indices': [174, 180], u'text': u'synth'}, {u'indices': [181, 195], u'text': u'musicproducer'}, {u'indices': [196, 203], u'text': u'roland'}, {u'indices': [204, 210], u'text': u'apple'}, {u'indices': [211, 222], u'text': u'garageband'}, {u'indices': [223, 232], u'text': u'musician'}, {u'indices': [233, 242], u'text': u'producer'}, {u'indices': [244, 260], u'text': u'infinitereality'}]","[{u'expanded_url': u'https://twitter.com/infinitereality/status/1008320120240799744/photo/1', u'display_url': u'pic.twitter.com/uJQ9HewloC', u'url': u'https://t.co/uJQ9HewloC', u'media_url_https': u'https://pbs.twimg.com/tweet_video_thumb/Df5FzH5VQAA8QyN.jpg', u'video_info': {u'aspect_ratio': [83, 50], u'variants': [{u'url': u'https://video.twimg.com/tweet_video/Df5FzH5VQAA8QyN.mp4', u'bitrate': 0, u'content_type': u'video/mp4'}]}, u'id_str': u'1008320111172730880', u'sizes': {u'large': {u'h': 300, u'w': 498, u'resize': u'fit'}, u'small': {u'h': 300, u'w': 498, u'resize': u'fit'}, u'medium': {u'h': 300, u'w': 498, u'resize': u'fit'}, u'thumb': {u'h': 150, u'w': 150, u'resize': u'crop'}}, u'indices': [274, 297], u'type': u'animated_gif', u'id': 1008320111172730880, u'media_url': u'http://pbs.twimg.com/tweet_video_thumb/Df5FzH5VQAA8QyN.jpg'}]",[],[],[],"[{u'expanded_url': u'https://twitter.com/infinitereality/status/1008320120240799744/photo/1', u'display_url': u'pic.twitter.com/uJQ9HewloC', u'url': u'https://t.co/uJQ9HewloC', u'media_url_https': u'https://pbs.twimg.com/tweet_video_thumb/Df5FzH5VQAA8QyN.jpg', u'video_info': {u'aspect_ratio': [83, 50], u'variants': [{u'url': u'https://video.twimg.com/tweet_video/Df5FzH5VQAA8QyN.mp4', u'bitrate': 0, u'content_type': u'video/mp4'}]}, u'id_str': u'1008320111172730880', u'sizes': {u'large': {u'h': 300, u'w': 498, u'resize': u'fit'}, u'small': {u'h': 300, u'w': 498, u'resize': u'fit'}, u'medium': {u'h': 300, u'w': 498, u'resize': u'fit'}, u'thumb': {u'h': 150, u'w': 150, u'resize': u'crop'}}, u'indices': [274, 297], u'type': u'animated_gif', u'id': 1008320111172730880, u'media_url': u'http://pbs.twimg.com/tweet_video_thumb/Df5FzH5VQAA8QyN.jpg'}]","If I throw up an #unedited un #mastered and not close to finished without #lyrics #song would you listen y/n #music #composer #ipadmusic #classical #experimental #industrial #synth #musicproducer #roland #apple #garageband #musician #producer 
#infinitereality it‚Äôs intense https://t.co/uJQ9HewloC",0,False,low,,1008320120240799744,1008320120240799744,,,,,,False,en,,"[[[144.593742, -38.433859], [144.593742, -37.511274], [145.512529, -37.511274], [145.512529, -38.433859]]]",Polygon,Australia,AU,"Melbourne, Victoria",01864a8a64df9dc4,Melbourne,city,https://api.twitter.com/1.1/geo/id/01864a8a64df9dc4.json,False,0,,,,,,,,,,,,,,,,,,,,,,,,,,,,,,,,,,,,,,,,,,,,,,,,,,,,,,,,,,,,,,,,,,,,,,,,,,,,,,,,0,0,False,,,,,,,,,,,,,,,,,,,,,,,,,,,,,,,,,,,,,,,,,,,,,,,,,,,,,,,,,,,,,,,,,,,,,,,,,,,,,,,,"<a href=""http://twitter.com/download/iphone"" rel=""nofollow"">Twitter for iPhone</a>",If I throw up an #unedited un #mastered and not close to finished without #lyrics #song would you listen y/n #music‚Ä¶ https://t.co/SgvTKcwiAI,1529237225004,True,False,Sat Jun 14 09:41:28 +0000 2008,False,False,‚òÑÔ∏è‚òÑÔ∏èI make music under infinitereality on all services link below. I make soundscapes for tv. I am not anything but everything. also this is a simulation‚òÑÔ∏è‚òÑÔ∏è‚òÑÔ∏è,6469,,2247,,1822,True,15115676,15115676,False,en,47,Straya,üåÄinfiniterealityüåÄ,,FFFFFF,http://abs.twimg.com/images/themes/theme1/bg.png,https://abs.twimg.com/images/themes/theme1/bg.png,True,https://pbs.twimg.com/profile_banners/15115676/1529065894,http://pbs.twimg.com/profile_images/999964311282794496/TcKCZW1N_normal.jpg,https://pbs.twimg.com/profile_images/999964311282794496/TcKCZW1N_normal.jpg,0000FF,550E86,F7DAD9,972B90,True,False,infinitereality,38104,,none,https://tfp.la/cassie,,False
23,,,Sun Jun 17 12:07:18 +0000 2018,,"[{u'indices': [26, 32], u'text': u'Apple'}, {u'indices': [63, 69], u'text': u'music'}, {u'indices': [70, 77], u'text': u'listen'}, {u'indices': [78, 84], u'text': u'Japan'}, {u'indices': [85, 97], u'text': u'information'}]",,[],"[{u'url': u'https://t.co/irhcZj6x3V', u'indices': [39, 62], u'expanded_url': u'https://itunes.apple.com/jp/album/for-dear/1214636683?i=1214636692', u'display_url': u'itunes.apple.com/jp/album/for-d‚Ä¶'}]",[],,,,,,,,,,0,False,low,,1008320176440242176,1008320176440242176,,,,,,False,en,,,,,,,,,,,False,0,,,,,,,,,,,,,,,,,,,,,,,,,,,,,,,,,,,,,,,,,,,,,,,,,,,,,,,,,,,,,,,,,,,,,,,,,,,,,,,,0,0,False,,,,,,,,,,,,,,,,,,,,,,,,,,,,,,,,,,,,,,,,,,,,,,,,,,,,,,,,,,,,,,,,,,,,,,,,,,,,,,,,"<a href=""http://marsproject.dip.jp/"" rel=""nofollow"">world on mars bot</a>",MASAKI YODA -for dear- on #Apple music https://t.co/irhcZj6x3V #music #listen #Japan #information,1529237238403,False,False,Sun May 20 08:42:32 +0000 2012,False,False,‚úå @Labelmars,161,,54258,,45575,False,585490397,585490397,False,ja,164,,world_on_mars,,C0DEED,http://abs.twimg.com/images/themes/theme1/bg.png,https://abs.twimg.com/images/themes/theme1/bg.png,True,https://pbs.twimg.com/profile_banners/585490397/1359017326,http://pbs.twimg.com/profile_images/2235928789/Earth_normal.jpg,https://pbs.twimg.com/profile_images/2235928789/Earth_normal.jpg,0084B4,FFFFFF,DDEEF6,333333,True,False,mars_on_world,1760219,,none,,,False
24,,,Sun Jun 17 12:07:37 +0000 2018,,"[{u'indices': [22, 28], u'text': u'swift'}, {u'indices': [29, 35], u'text': u'xcode'}, {u'indices': [36, 40], u'text': u'iOS'}, {u'indices': [41, 48], u'text': u'iphone'}, {u'indices': [49, 55], u'text': u'apple'}]",,[],"[{u'url': u'https://t.co/kDUYTORyOH', u'indices': [56, 79], u'expanded_url': u'https://ka0in.wordpress.com/2017/04/21/%e3%80%90swift%e3%80%91%e3%82%b9%e3%83%a9%e3%82%a4%e3%83%89%e3%83%a1%e3%83%8b%e3%83%a5%e3%83%bc%e3%82%92%e5%ae%9f%e8%a3%85%e3%81%99%e3%82%8b/', u'display_url': u'ka0in.wordpress.com/2017/04/21/%e3‚Ä¶'}]",[],,,,,,,,,,0,False,low,,1008320256639623168,1008320256639623168,,,,,,False,ja,,,,,,,,,,,False,0,,,,,,,,,,,,,,,,,,,,,,,,,,,,,,,,,,,,,,,,,,,,,,,,,,,,,,,,,,,,,,,,,,,,,,,,,,,,,,,,0,0,False,,,,,,,,,,,,,,,,,,,,,,,,,,,,,,,,,,,,,,,,,,,,,,,,,,,,,,,,,,,,,,,,,,,,,,,,,,,,,,,,"<a href=""http://twittbot.net/"" rel=""nofollow"">twittbot.net</a>","„ÄêSwift„Äë„Çπ„É©„Ç§„Éâ„É°„Éã„É•„Éº„ÇíÂÆüË£Ö„Åô„Çã 
#swift
#xcode
#iOS
#iphone
#apple
https://t.co/kDUYTORyOH",1529237257524,False,False,Thu Sep 01 09:10:53 +0000 2016,False,False,Web„Éì„Ç∏„Éç„ÇπÂ∞ÇÈñÄ„Ç≥„Éü„É•„Éã„ÉÜ„Ç£„Çµ„Ç§„Éàka0in„Åß„Åôüë©‚Äçüíª„Éó„É≠„Ç∞„É©„Éû„Éº„ÄÅ„É©„Ç§„Çø„Éº„ÄÅ„É¢„Éá„É´„Åï„Çì„Å™„Å©„ÅÆÊñπ„Åã„ÇâË®ò‰∫ãÊèê‰æõ„Çí„Åó„Å¶„ÅÑ„Åü„Å†„ÅÑ„Å¶ÈÅãÂñ∂„Åó„Å¶„ÅÑ„Åæ„Åô„ÄÇ https://ka0in.wordpress.com/ Áõ∏‰∫í„Éï„Ç©„É≠„ÉºÂ§ßÊ≠ìËøé„Åß„Åôüéâüëè,60,,1361,,1197,False,771274115294429186,771274115294429186,False,ja,32,,„ÄêÂÖ¨Âºè„Äëka0in  web„Éì„Ç∏„Éç„Çπ,,000000,http://abs.twimg.com/images/themes/theme1/bg.png,https://abs.twimg.com/images/themes/theme1/bg.png,False,https://pbs.twimg.com/profile_banners/771274115294429186/1473997824,http://pbs.twimg.com/profile_images/776629273121607680/EZLfDJjL_normal.jpg,https://pbs.twimg.com/profile_images/776629273121607680/EZLfDJjL_normal.jpg,191970,000000,000000,000000,False,False,ka0in,24294,,none,http://ka0in.web.fc2.com/main/index.html,,False
25,,,Sun Jun 17 12:07:41 +0000 2018,,"[{u'indices': [27, 33], u'text': u'Apple'}, {u'indices': [64, 70], u'text': u'music'}, {u'indices': [71, 78], u'text': u'listen'}, {u'indices': [79, 85], u'text': u'Japan'}, {u'indices': [86, 98], u'text': u'information'}, {u'indices': [99, 104], u'text': u'Èü≥Ê•ΩÊÉÖÂ†±'}]",,[],"[{u'url': u'https://t.co/uUh49GHEBP', u'indices': [40, 63], u'expanded_url': u'https://itunes.apple.com/jp/album/no-return/id1146960698?i=1146966285', u'display_url': u'itunes.apple.com/jp/album/no-re‚Ä¶'}]",[],,,,,,,,,,0,False,low,,1008320274847055873,1008320274847055873,,,,,,False,en,,,,,,,,,,,False,0,,,,,,,,,,,,,,,,,,,,,,,,,,,,,,,,,,,,,,,,,,,,,,,,,,,,,,,,,,,,,,,,,,,,,,,,,,,,,,,,0,0,False,,,,,,,,,,,,,,,,,,,,,,,,,,,,,,,,,,,,,,,,,,,,,,,,,,,,,,,,,,,,,,,,,,,,,,,,,,,,,,,,"<a href=""http://marsproject.dip.jp/"" rel=""nofollow"">world on mars bot</a>",MASAKI YODA -no return- on #Apple music https://t.co/uUh49GHEBP #music #listen #Japan #information #Èü≥Ê•ΩÊÉÖÂ†±,1529237261865,False,False,Sun May 20 08:42:32 +0000 2012,False,False,‚úå @Labelmars,161,,54258,,45575,False,585490397,585490397,False,ja,164,,world_on_mars,,C0DEED,http://abs.twimg.com/images/themes/theme1/bg.png,https://abs.twimg.com/images/themes/theme1/bg.png,True,https://pbs.twimg.com/profile_banners/585490397/1359017326,http://pbs.twimg.com/profile_images/2235928789/Earth_normal.jpg,https://pbs.twimg.com/profile_images/2235928789/Earth_normal.jpg,0084B4,FFFFFF,DDEEF6,333333,True,False,mars_on_world,1760220,,none,,,False
26,,,Sun Jun 17 12:08:05 +0000 2018,,"[{u'indices': [27, 33], u'text': u'Apple'}, {u'indices': [64, 70], u'text': u'music'}, {u'indices': [71, 78], u'text': u'listen'}, {u'indices': [79, 85], u'text': u'Japan'}, {u'indices': [86, 98], u'text': u'information'}, {u'indices': [99, 104], u'text': u'Èü≥Ê•ΩÊÉÖÂ†±'}]",,[],"[{u'url': u'https://t.co/sw8DUYp8lb', u'indices': [40, 63], u'expanded_url': u'https://itunes.apple.com/jp/album/no-return/id1146960698?i=1146966285', u'display_url': u'itunes.apple.com/jp/album/no-re‚Ä¶'}]",[],,,,,,,,,,0,False,low,,1008320373375451137,1008320373375451137,,,,,,False,en,,,,,,,,,,,False,0,,,,,,,,,,,,,,,,,,,,,,,,,,,,,,,,,,,,,,,,,,,,,,,,,,,,,,,,,,,,,,,,,,,,,,,,,,,,,,,,0,0,False,,,,,,,,,,,,,,,,,,,,,,,,,,,,,,,,,,,,,,,,,,,,,,,,,,,,,,,,,,,,,,,,,,,,,,,,,,,,,,,,"<a href=""http://marsproject.dip.jp/"" rel=""nofollow"">Label MARS PROJECT MP3autotwitte</a>",MASAKI YODA -no return- on #Apple music https://t.co/sw8DUYp8lb #music #listen #Japan #information #Èü≥Ê•ΩÊÉÖÂ†±,1529237285356,False,False,Thu Jan 10 08:19:36 +0000 2013,False,False,"Independent Label MARS PROJECT half size sample MP3 for free.This account sample file is 1/3 sound quality. buy is iTunes/amazon/DL-MARKET.etc..
@labelmars",182,,44282,,43666,False,1076011602,1076011602,False,ja,134,Japan,MARS PROJECT MP3,,C0DEED,http://abs.twimg.com/images/themes/theme1/bg.png,https://abs.twimg.com/images/themes/theme1/bg.png,True,,http://pbs.twimg.com/profile_images/3102532183/38b9ad5547285fb8455c39c26c693ea5_normal.png,https://pbs.twimg.com/profile_images/3102532183/38b9ad5547285fb8455c39c26c693ea5_normal.png,0084B4,FFFFFF,DDEEF6,333333,True,False,MARSPROJECTMP3,1316722,,none,https://sites.google.com/site/marsprojectg/koremadenikuraudo-xing-shi-tingdemp3fairuga10000daunrodowo-chaoeta-qu-yi-lan--mars-project,,False
